ozmovies,wikidata,description
http://www.ozmovies.com.au/movie/(...maybe-this-time),Q6796943,"Maybe This Time (Chris McGill, 1980)"
http://www.ozmovies.com.au/movie/...couldnt-be-fairer.,Q5176122,"Couldn't Be Fairer (Dennis O'Rourke, 1984)"
http://www.ozmovies.com.au/movie/13-gantry-row,Q16609624,"13 Gantry Row (Catherine Millar, 1998)"
http://www.ozmovies.com.au/movie/13th-floor,Q7711759,"The 13th Floor (Chris Roache, 1988)"
http://www.ozmovies.com.au/movie/14s-good-18s-better,Q123306863,"14's Good, 18's Better (Gillian Armstrong, 1981)"
http://www.ozmovies.com.au/movie/15-amore,Q4550854,"15 Amore (Maurice Murphy, 1999)"
http://www.ozmovies.com.au/movie/2-friends,Q232181,"Two Friends (Jane Campion, 1986)"
http://www.ozmovies.com.au/movie/2000-weeks,Q4597966,"2000 Weeks (Tim Burstall, 1969)"
http://www.ozmovies.com.au/movie/27a,Q4632540,"27A (Esben Storm, 1974)"
http://www.ozmovies.com.au/movie/3-to-go,Q7798017,"Three to Go (Brian Hannant/Peter Weir, 1971)"
http://www.ozmovies.com.au/movie/88.9-radio-redfern,Q123374236,88.9 Radio Redfern (1988)
http://www.ozmovies.com.au/movie/Patrick,,
http://www.ozmovies.com.au/movie/a.p.g.s-dimboola,,
http://www.ozmovies.com.au/movie/abba--the-movie,Q1309886,"ABBA: The Movie (Lasse Hallström, 1977)"
http://www.ozmovies.com.au/movie/abc-of-love-and-sex-australia-style,Q7712052,"The ABC of Love and Sex: Australia Style (John D. Lamond, 1978)"
http://www.ozmovies.com.au/movie/abra-cadabra,Q4668693,"Abra Cadabra (Alex Stitt, 1983)"
http://www.ozmovies.com.au/movie/adams-woman,Q3281502,"Adam's Woman (Philip Leacock, 1970)"
http://www.ozmovies.com.au/movie/adventures-of-barry-mckenzie,Q7712494,"The Adventures of Barry McKenzie (Bruce Beresford, 1972)"
http://www.ozmovies.com.au/movie/adventures-of-priscilla--queen-of-the-desert,Q255328,"The Adventures of Priscilla, Queen of the Desert (Stephan Elliott, 1994)"
http://www.ozmovies.com.au/movie/africas-elephant-kingdom,Q77885190,"Africa's Elephant Kingdom (Michael Caulfield, 1998)"
http://www.ozmovies.com.au/movie/against-the-grain,Q20022600,Against the Grain: More Meat Than Wheat (1981)
http://www.ozmovies.com.au/movie/against-the-innocent,Q27703239,"Against the Innocent (Daryl Dellora, 1989)"
http://www.ozmovies.com.au/movie/age-of-consent,Q4691874,"Age of Consent (Michael Powell, 1969)"
http://www.ozmovies.com.au/movie/airhawk-star-of-the-north,Q123305363,"Airhawk: Star Of The North (David Baker, 1982)"
http://www.ozmovies.com.au/movie/alex,,
http://www.ozmovies.com.au/movie/alexandras-project,Q180363,"Alexandra's Project (Rolf de Heer, 2003)"
http://www.ozmovies.com.au/movie/alisons-birthday,Q4727001,"Alison's Birthday (Ian Coughlan, 1981)"
http://www.ozmovies.com.au/movie/all-at-sea,Q15039376,"All at Sea (Igor Auzins, 1977)"
http://www.ozmovies.com.au/movie/all-men-are-liars,Q4729070,"All Men Are Liars (Gerard Lee, 1995)"
http://www.ozmovies.com.au/movie/all-the-way,,
http://www.ozmovies.com.au/movie/all-the-way-(documentary),,
http://www.ozmovies.com.au/movie/almost-an-angel,Q288628,"Almost an Angel (John Cornell, 1990)"
http://www.ozmovies.com.au/movie/alvin-purple,Q4738201,"Alvin Purple (Tim Burstall, 1972)"
http://www.ozmovies.com.au/movie/alvin-rides-again,Q4738206,"Alvin Rides Again (David Bilcock/Robin Copping, 1974)"
http://www.ozmovies.com.au/movie/always-another-dawn,Q4738397,"Always Another Dawn (T.O. McCreadie, 1948)"
http://www.ozmovies.com.au/movie/amy,,
http://www.ozmovies.com.au/movie/and-the-word-was-made-flesh,Q4753453,And the Word Was Made Flesh (1972)
http://www.ozmovies.com.au/movie/angel-at-my-table,Q1304431,"An Angel at My Table (Jane Campion, 1990)"
http://www.ozmovies.com.au/movie/angel-baby,Q4762078,"Angel Baby (Michael Rymer, 1995)"
http://www.ozmovies.com.au/movie/angst,Q4763958,"Angst (Daniel Nettheim, 2000)"
http://www.ozmovies.com.au/movie/animated,,
http://www.ozmovies.com.au/movie/annies-coming-out,Q4769203,"Annie's Coming Out (Gil Brealey, 1984)"
http://www.ozmovies.com.au/movie/antarctica,Q85741919,Antarctica (1991)
http://www.ozmovies.com.au/movie/apostasy,,
http://www.ozmovies.com.au/movie/arguing-the-toss-of-a-cat,Q123307476,"Arguing The Toss Of A Cat (Christine Sammers, 1987)"
http://www.ozmovies.com.au/movie/army-wives,Q16962022,"Army Wives (Denny Lawrence, 1987)"
http://www.ozmovies.com.au/movie/around-the-world-in-80-ways,Q4795652,"Around the World in 80 Ways (Stephen MacLean, 1987)"
http://www.ozmovies.com.au/movie/around-the-world-with-dot,Q16833856,"Around the World with Dot (Yoram Gross, 1981)"
http://www.ozmovies.com.au/movie/as-time-goes-by,Q3422550,"As Time Goes By (Barry Peak, 1988)"
http://www.ozmovies.com.au/movie/assault-on-salamaua,Q19839877,"Assault on Salamaua (Ken G. Hall, 1943)"
http://www.ozmovies.com.au/movie/at-last-...-bullamakanka-the-motion-picture,Q4812357,"At Last... Bullamakanka: The Motion Picture (Simon Heath, 1983)"
http://www.ozmovies.com.au/movie/attack-force-z,Q463579,"Attack Force Z (Tim Burstall, 1982)"
http://www.ozmovies.com.au/movie/audacious,Q123287855,"Audacious (Samantha Lang, 1995)"
http://www.ozmovies.com.au/movie/aussie-assault,Q123303672,"Aussie Assault (Harvey Spencer, 1983)"
http://www.ozmovies.com.au/movie/australia-after-dark,Q4823558,"Australia After Dark (John D. Lamond, 1975)"
http://www.ozmovies.com.au/movie/australian-dream,Q4824097,"Australian Dream (Jackie McKimmie, 1986)"
http://www.ozmovies.com.au/movie/australian-rules,Q4824629,"Australian Rules (Paul Goldman, 2002)"
http://www.ozmovies.com.au/movie/australian-summer,,
http://www.ozmovies.com.au/movie/avenger,Q7715011,"The Avenger (A.R. Harwood, 1937)"
http://www.ozmovies.com.au/movie/avengers-of-the-reef,Q4828080,"Avengers of the Reef (Chris McCullough, 1973)"
http://www.ozmovies.com.au/movie/aya,,
http://www.ozmovies.com.au/movie/babe,Q720724,"Babe (Chris Noonan, 1995)"
http://www.ozmovies.com.au/movie/babe-pig-in-the-city,Q690892,"Babe: Pig in the City (George Miller, 1998)"
http://www.ozmovies.com.au/movie/bachelor-girl,Q4838755,"Bachelor Girl (Rivka Hartman, 1988)"
http://www.ozmovies.com.au/movie/back-of-beyond,Q7715248,"The Back of Beyond (John Heyer, 1954)"
http://www.ozmovies.com.au/movie/back-of-beyond-(1995),Q4839322,"Back of Beyond (Michael Robertson, 1995)"
http://www.ozmovies.com.au/movie/backlash,Q4839678,"Backlash (Bill Bennett, 1986)"
http://www.ozmovies.com.au/movie/backroads,Q4839718,"Backroads (Phillip Noyce, 1977)"
http://www.ozmovies.com.au/movie/backsliding,Q4839735,"Backsliding (Simon Target, 1992)"
http://www.ozmovies.com.au/movie/backstage,Q4839748,"Backstage (Jonathan Hardy, 1988)"
http://www.ozmovies.com.au/movie/bad-boy-bubby,Q798641,"Bad Boy Bubby (Rolf de Heer, 1993)"
http://www.ozmovies.com.au/movie/bang-on-the-line,,
http://www.ozmovies.com.au/movie/bangers,Q4855146,"Bangers (Andrew Upton/Cate Blanchett, 1999)"
http://www.ozmovies.com.au/movie/bank,Q2409617,"The Bank (Robert Connolly, 2001)"
http://www.ozmovies.com.au/movie/barney,Q4861680,"Barney (David Waddington, 1976)"
http://www.ozmovies.com.au/movie/barry-mckenzie-holds-his-own,Q4864500,"Barry McKenzie Holds His Own (Bruce Beresford, 1974)"
http://www.ozmovies.com.au/movie/becca,Q15039389,"Becca (Paul Turner, 1989)"
http://www.ozmovies.com.au/movie/bedevil,Q4879081,"Bedevil (Tracey Moffatt, 1993)"
http://www.ozmovies.com.au/movie/belinda,Q4882853,"Belinda (Pamela Gibbons, 1988)"
http://www.ozmovies.com.au/movie/bello-onesto-emigrato-australia-sposerebbe-compaesana-illibata,Q2894960,"A Girl in Australia (Luigi Zampa, 1971)"
http://www.ozmovies.com.au/movie/below-the-surface,Q12102124,"Below the Surface (Rupert Kathner, 1938)"
http://www.ozmovies.com.au/movie/beneath-clouds,Q4887177,"Beneath Clouds (Ivan Sen, 2002)"
http://www.ozmovies.com.au/movie/best-of-friends,Q7717036,"The Best of Friends (Michael Robertson, 1982)"
http://www.ozmovies.com.au/movie/better-than-sex,Q4898542,"Better Than Sex (Jonathan Teplitzky, 2000)"
http://www.ozmovies.com.au/movie/betty-blokk-buster-follies,Q4898722,"Betty Blokk-buster Follies (Doug Livermore/Peter Batey, 1976)"
http://www.ozmovies.com.au/movie/between-a-frock--a-hard-place,Q120728639,Between a Frock and a Hard Place (2015)
http://www.ozmovies.com.au/movie/between-wars,Q4899130,"Between Wars (Michael Thornhill, 1974)"
http://www.ozmovies.com.au/movie/beware-of-greeks-bearing-guns,Q5476352,"Fovou tous Ellines (John Tatoulis, 2000)"
http://www.ozmovies.com.au/movie/beyond-reason,Q4900017,"Beyond Reason (Giorgio Mangiamele, 1970)"
http://www.ozmovies.com.au/movie/big-hurt,Q7717673,"The Big Hurt (Barry Peak, 1985)"
http://www.ozmovies.com.au/movie/big-ideas,Q15039390,"Big Ideas (Mike Smith, 1993)"
http://www.ozmovies.com.au/movie/big-steal,Q7717807,"The Big Steal (Nadia Tass, 1990)"
http://www.ozmovies.com.au/movie/billys-holiday,Q4912057,"Billy's Holiday (Richard Wherrett, 1995)"
http://www.ozmovies.com.au/movie/bingo-bridesmaids--braces,,
http://www.ozmovies.com.au/movie/birth-of-white-australia,Q7718132,"The Birth of White Australia (Phil K. Walsh, 1928)"
http://www.ozmovies.com.au/movie/bismarck-convoy-smashed!,Q19840909,"The Bismarck Convoy Smashed (Ken G. Hall, 1943)"
http://www.ozmovies.com.au/movie/bitter-springs,Q4919025,"Bitter Springs (Ralph Smart, 1950)"
http://www.ozmovies.com.au/movie/black-and-white,Q3414343,"Black and White (Craig Lahiff, 2002)"
http://www.ozmovies.com.au/movie/black-harvest,Q48672731,"Black Harvest (Robin Anderson, 1992)"
http://www.ozmovies.com.au/movie/black-robe,Q880515,"Black Robe (Bruce Beresford, 1991)"
http://www.ozmovies.com.au/movie/blackfellas,Q4922836,"Blackfellas (James Ricketson, 1993)"
http://www.ozmovies.com.au/movie/blackrock,Q2905586,"Blackrock (Steven Vidler, 1997)"
http://www.ozmovies.com.au/movie/blacktracker,Q123288666,Blacktracker (1996)
http://www.ozmovies.com.au/movie/blackwater-trail,Q15039394,"Blackwater Trail (Ian Barry, 1995)"
http://www.ozmovies.com.au/movie/blinky-bill,Q804498,"Blinky Bill (Yoram Gross, 1992)"
http://www.ozmovies.com.au/movie/blinky-bills-white-christmas,Q20439904,"Blinky Bill's White Christmas (Guy Gross, 2005)"
http://www.ozmovies.com.au/movie/bliss,Q4926832,"Bliss (Ray Lawrence, 1985)"
http://www.ozmovies.com.au/movie/blood-money,Q4927641,"Blood Money (Chris Fitchett, 1980)"
http://www.ozmovies.com.au/movie/blood-oath,Q3416461,"Blood Oath (Stephen Wallace, 1990)"
http://www.ozmovies.com.au/movie/bloodlust,Q4927978,"Bloodlust (Jon Hewitt, 1992)"
http://www.ozmovies.com.au/movie/bloodmoon,Q4241471,"Bloodmoon (Alec Mills, 1990)"
http://www.ozmovies.com.au/movie/blowing-hot-and-cold,Q4928591,"Blowing Hot and Cold (Marc Gracie, 1988)"
http://www.ozmovies.com.au/movie/blue-fin,Q4929111,"Blue Fin (Carl Schultz, 1978)"
http://www.ozmovies.com.au/movie/blue-fire-lady,Q4929113,"Blue Fire Lady (Ross Dimsey, 1977)"
http://www.ozmovies.com.au/movie/blue-lightning,Q15039796,"The Blue Lightning (Lee Philips, 1986)"
http://www.ozmovies.com.au/movie/blurred,Q4930799,"Blurred (Evan Clarry, 2002)"
http://www.ozmovies.com.au/movie/bmx-bandits,Q796792,"BMX Bandits (Brian Trenchard-Smith, 1983)"
http://www.ozmovies.com.au/movie/body-melt,Q1278728,"Body Melt (Philip Brophy, 1993)"
http://www.ozmovies.com.au/movie/bonjour-balwyn,Q4942103,"Bonjour Balwyn (Nigel Buesst, 1971)"
http://www.ozmovies.com.au/movie/bootmen,Q2634003,"Bootmen (Dein Perry, 2000)"
http://www.ozmovies.com.au/movie/born-to-run,,
http://www.ozmovies.com.au/movie/boulevard-of-broken-dreams,Q4949681,"Boulevard of Broken Dreams (Pino Amenta, 1988)"
http://www.ozmovies.com.au/movie/boundaries-of-the-heart,Q4949894,"Boundaries of the Heart (Lex Marinos, 1988)"
http://www.ozmovies.com.au/movie/bowl-me-over,,
http://www.ozmovies.com.au/movie/box,,
http://www.ozmovies.com.au/movie/boy-who-had-everything,Q7719641,"The Boy Who Had Everything (Stephen Wallace, 1984)"
http://www.ozmovies.com.au/movie/boys,Q7719728,"The Boys (Rowan Woods, 1998)"
http://www.ozmovies.com.au/movie/break-of-day,Q4959331,"Break of Day (Ken Hannam, 1976)"
http://www.ozmovies.com.au/movie/breakaway,Q15039809,"Breakaway (Don McLennan, 1990)"
http://www.ozmovies.com.au/movie/breaker,Q19871497,"The Breaker (Frank Shields, 1974)"
http://www.ozmovies.com.au/movie/breaker-morant,Q1195774,"Breaker Morant (Bruce Beresford, 1980)"
http://www.ozmovies.com.au/movie/breakfast-in-paris,Q4959480,"Breakfast in Paris (John D. Lamond, 1982)"
http://www.ozmovies.com.au/movie/breaking-loose,Q4959559,"Breaking Loose (Rod Hay, 1988)"
http://www.ozmovies.com.au/movie/breathing-under-water,Q4959906,"Breathing Under Water (Susan Murphy Dermody, 1991)"
http://www.ozmovies.com.au/movie/broken-highway,Q4973402,"Broken Highway (Laurie McInnes, 1993)"
http://www.ozmovies.com.au/movie/broken-melody,Q12104370,"The Broken Melody (Ken G. Hall, 1937)"
http://www.ozmovies.com.au/movie/bronco,,
http://www.ozmovies.com.au/movie/buddies,Q4984288,"Buddies (Arch Nicholson, 1983)"
http://www.ozmovies.com.au/movie/bulls,Q123287495,"Bulls (Chris Noonan, 1974)"
http://www.ozmovies.com.au/movie/bullseye,Q4997043,"Bullseye (Carl Schultz, 1987)"
http://www.ozmovies.com.au/movie/bungala-boys,Q4997601,"Bungala Boys (Jim Jeffrey, 1961)"
http://www.ozmovies.com.au/movie/burgomeister,Q7720639,"The Burgomeister (Harry Southwell, 1935)"
http://www.ozmovies.com.au/movie/burke--wills,Q4998921,"Burke & Wills (Graeme Clifford, 1985)"
http://www.ozmovies.com.au/movie/bush-christmas-(1947),Q5001367,"Bush Christmas (Ralph Smart, 1947)"
http://www.ozmovies.com.au/movie/bush-christmas-(1983),Q975421,"Bush Christmas (Henri Safran, 1983)"
http://www.ozmovies.com.au/movie/bushfire-moon,Q5001502,"Bushfire Moon (George T. Miller, 1987)"
http://www.ozmovies.com.au/movie/cactus,Q5016134,"Cactus (Paul Cox, 1986)"
http://www.ozmovies.com.au/movie/caddie,Q5016297,"Caddie (Donald Crombie, 1976)"
http://www.ozmovies.com.au/movie/call-me-mr.-brown,Q15039756,"Call Me Mr. Brown (Scott Hicks, 1986)"
http://www.ozmovies.com.au/movie/camel-boy,Q16851028,"The Camel Boy (Yoram Gross, 1984)"
http://www.ozmovies.com.au/movie/candy-regentag,Q5032126,"Candy Regentag (James Ricketson, 1989)"
http://www.ozmovies.com.au/movie/cane-toads,Q5032217,"Cane Toads: An Unnatural History (Mark Lewis, 1988)"
http://www.ozmovies.com.au/movie/cannibal-tours,Q3506122,"Cannibal Tours (Dennis O'Rourke, 1988)"
http://www.ozmovies.com.au/movie/cappuccino,Q5036199,"Cappuccino (Antony J. Bowman, 1989)"
http://www.ozmovies.com.au/movie/captain-johnno,Q33060535,"Captain Johnno (Mario Andreacchio, 1988)"
http://www.ozmovies.com.au/movie/captain-thunderbolt,Q5036825,"Captain Thunderbolt (Cecil Holmes, 1953)"
http://www.ozmovies.com.au/movie/careful-he-might-hear-you,Q5038970,"Careful, He Might Hear You (Carl Schultz, 1983)"
http://www.ozmovies.com.au/movie/cars-that-ate-paris,Q926678,"The Cars That Ate Paris (Peter Weir, 1974)"
http://www.ozmovies.com.au/movie/cass,,
http://www.ozmovies.com.au/movie/cassandra,Q5049221,"Cassandra (Colin Eggleston, 1987)"
http://www.ozmovies.com.au/movie/castanet-club,Q7721564,"The Castanet Club (Neil Armfield, 1991)"
http://www.ozmovies.com.au/movie/castle,Q2471493,"The Castle (Rob Sitch, 1997)"
http://www.ozmovies.com.au/movie/castor-and-pollux,Q123306911,"Castor And Pollux: A Tale Of Two Spiritual Brothers (Phillip Noyce, 1973)"
http://www.ozmovies.com.au/movie/cathys-child,Q5053373,"Cathy's Child (Donald Crombie, 1979)"
http://www.ozmovies.com.au/movie/celia,Q5057968,"Celia (Ann Turner, 1989)"
http://www.ozmovies.com.au/movie/centrespread,Q5062701,"Centrespread (Tony Paterson, 1981)"
http://www.ozmovies.com.au/movie/chain-reaction,Q1757269,"The Chain Reaction (Ian Barry, 1980)"
http://www.ozmovies.com.au/movie/chant-of-jimmie-blacksmith,Q2205409,"The Chant of Jimmie Blacksmith (Fred Schepisi, 1978)"
http://www.ozmovies.com.au/movie/chase-through-the-night,Q16961151,"Chase Through the Night (Howard Rubie, 1984)"
http://www.ozmovies.com.au/movie/chasing-parked-cars,,
http://www.ozmovies.com.au/movie/cheaters,Q7722268,"The Cheaters (Paulette McDonagh, 1930)"
http://www.ozmovies.com.au/movie/children-of-the-revolution,Q1977021,"Children of the Revolution (Peter Duncan, 1996)"
http://www.ozmovies.com.au/movie/chopper,Q128855,"Chopper (Andrew Dominik, 2000)"
http://www.ozmovies.com.au/movie/city-loop,Q5123285,"City Loop (Belinda Chayko, 2000)"
http://www.ozmovies.com.au/movie/citys-child,Q4655932,"A City's Child (Brian Kavanagh, 1972)"
http://www.ozmovies.com.au/movie/citys-edge,Q7723144,"The City's Edge (Ken Quinnell, 1983)"
http://www.ozmovies.com.au/movie/clara-gibbings,Q5125989,"Clara Gibbings (Francis William Thring, 1934)"
http://www.ozmovies.com.au/movie/clay,,
http://www.ozmovies.com.au/movie/clinic,Q7723409,"The Clinic (David Stevens, 1982)"
http://www.ozmovies.com.au/movie/coca-cola-kid,Q2663674,"The Coca-Cola Kid (Dušan Makavejev, 1985)"
http://www.ozmovies.com.au/movie/coda,Q5139942,"Coda (Craig Lahiff, 1987)"
http://www.ozmovies.com.au/movie/color-me-dead,Q5148562,"Color Me Dead (Eddie Davis, 1969)"
http://www.ozmovies.com.au/movie/come-by-chance,,
http://www.ozmovies.com.au/movie/come-out-fighting,Q5151242,"Come Out Fighting (Nigel Buesst, 1973)"
http://www.ozmovies.com.au/movie/come-up-smiling,Q5151292,"Come Up Smiling (William Freshman, 1939)"
http://www.ozmovies.com.au/movie/confessor-caressor,,
http://www.ozmovies.com.au/movie/contagion,Q5164864,"Contagion (Karl Zwicky, 1987)"
http://www.ozmovies.com.au/movie/cool-change,Q5167277,"Cool Change (George T. Miller, 1986)"
http://www.ozmovies.com.au/movie/coolangatta-gold,Q7727561,"The Coolangatta Gold (Igor Auzins, 1984)"
http://www.ozmovies.com.au/movie/cornflakes-for-tea,Q123373127,Cornflakes For Tea (1980)
http://www.ozmovies.com.au/movie/cos,,
http://www.ozmovies.com.au/movie/country-comfort,,
http://www.ozmovies.com.au/movie/country-life,Q4158757,"Country Life (film) (Michael Blakemore, 1994)"
http://www.ozmovies.com.au/movie/country-town,Q5177448,"Country Town (Peter Maxwell, 1971)"
http://www.ozmovies.com.au/movie/crac,Q7727942,"The Craic (Ted Emery, 1999)"
http://www.ozmovies.com.au/movie/crackerjack,Q12110058,"Crackerjack (Paul Moloney, 2002)"
http://www.ozmovies.com.au/movie/crackers,Q5180379,"Crackers (David Swann, 1998)"
http://www.ozmovies.com.au/movie/crime-of-the-decade,Q16934943,"Crime of the Decade (Ken Cameron, 1984)"
http://www.ozmovies.com.au/movie/crimebroker,Q15039812,"Crimebroker (Ian Barry, 1993)"
http://www.ozmovies.com.au/movie/crocodile-dundee,Q615254,"Crocodile Dundee (Peter Faiman, 1986)"
http://www.ozmovies.com.au/movie/crocodile-dundee-ii,Q1140745,"Crocodile Dundee II (John Cornell, 1988)"
http://www.ozmovies.com.au/movie/crocodile-dundee-in-los-angeles,Q1140744,"Crocodile Dundee in Los Angeles (Simon Wincer, 2001)"
http://www.ozmovies.com.au/movie/crocodile-hunter-collision-course,Q1140738,"The Crocodile Hunter: Collision Course (John Stainton, 2002)"
http://www.ozmovies.com.au/movie/crossing,Q7728178,"The Crossing (George Ogilvie, 1990)"
http://www.ozmovies.com.au/movie/crosstalk,Q5188864,Crosstalk (1982)
http://www.ozmovies.com.au/movie/cunnamulla,Q55608684,"Cunnamulla (Dennis O'Rourke, 2000)"
http://www.ozmovies.com.au/movie/custodian,Q7728500,"The Custodian (John Dingwall, 1993)"
http://www.ozmovies.com.au/movie/cut,Q978522,"Cut (Kimble Rendall, 2000)"
http://www.ozmovies.com.au/movie/dad-and-dave-come-to-town,Q5207859,"Dad and Dave Come to Town (Ken G. Hall, 1938)"
http://www.ozmovies.com.au/movie/dad-and-dave-on-our-selection,Q5207857,"Dad and Dave: On Our Selection (George Whaley, 1995)"
http://www.ozmovies.com.au/movie/dad-rudd-m.p.,Q5207855,"Dad Rudd, MP (Ken G. Hall, 1940)"
http://www.ozmovies.com.au/movie/dags,Q5208656,"Dags (Murray Fahey, 1998)"
http://www.ozmovies.com.au/movie/daisy-and-simon,Q5209788,"Daisy and Simon (Stasch Radwanski Jr., 1988)"
http://www.ozmovies.com.au/movie/dallas-doll,Q5211325,"Dallas Doll (Ann Turner, 1994)"
http://www.ozmovies.com.au/movie/dalmas,Q5211523,"Dalmas (Bert Deling, 1973)"
http://www.ozmovies.com.au/movie/dance-me-to-my-song,Q5215162,"Dance Me to My Song (Rolf de Heer, 1998)"
http://www.ozmovies.com.au/movie/dangerous-game,Q5216093,"Dangerous Game (Stephen Hopkins, 1987)"
http://www.ozmovies.com.au/movie/dangerous-summer,Q4656244,"A Dangerous Summer (Quentin Masters, 1982)"
http://www.ozmovies.com.au/movie/dark-age,Q3231930,"Dark Age (Arch Nicholson, 1987)"
http://www.ozmovies.com.au/movie/dark-city,Q1127281,"Dark City (Alex Proyas, 1998)"
http://www.ozmovies.com.au/movie/dating-the-enemy,Q3429332,"Dating the Enemy (Megan Simpson Huberman, 1996)"
http://www.ozmovies.com.au/movie/david-williamson-compulsive-playwright,,
http://www.ozmovies.com.au/movie/david-williamsons-brilliant-lies,,
http://www.ozmovies.com.au/movie/david-williamsons-the-club,Q7723514,"The Club (Bruce Beresford, 1980)"
http://www.ozmovies.com.au/movie/david-williamsons-the-perfectionist,,
http://www.ozmovies.com.au/movie/dawn!,Q5242390,"Dawn! (Ken Hannam, 1979)"
http://www.ozmovies.com.au/movie/day-of-the-panther,Q5242975,"Day of the Panther (Brian Trenchard-Smith, 1988)"
http://www.ozmovies.com.au/movie/daydream-believer,Q7736524,"The Girl Who Came Late (Kathy Mueller, 1991)"
http://www.ozmovies.com.au/movie/dead-calm,Q845077,"Dead Calm (Phillip Noyce, 1989)"
http://www.ozmovies.com.au/movie/dead-easy.-(1982),Q5245150,"Dead Easy (Bert Deling, 1982)"
http://www.ozmovies.com.au/movie/dead-end,,
http://www.ozmovies.com.au/movie/dead-end-drive-in,Q5245167,"Dead End Drive-In (Brian Trenchard-Smith, 1986)"
http://www.ozmovies.com.au/movie/dead-heart,Q5245210,"Dead Heart (Nick Parsons, 1996)"
http://www.ozmovies.com.au/movie/dead-letter-office,Q5245250,"Dead Letter Office (John Ruane, 1997)"
http://www.ozmovies.com.au/movie/dead-sleep,Q5245405,"Dead Sleep (Alec Mills, 1991)"
http://www.ozmovies.com.au/movie/deadly,Q5245604,"Deadly (Esben Storm, 1991)"
http://www.ozmovies.com.au/movie/dear-cardholder,Q5246821,"Dear Cardholder (Bill Bennett, 1987)"
http://www.ozmovies.com.au/movie/dear-claudia,Q5246824,"Dear Claudia (Chris Cudlipp, 1999)"
http://www.ozmovies.com.au/movie/death-in-brunswick,Q4424397,"Death in Brunswick (John Ruane, 1990)"
http://www.ozmovies.com.au/movie/death-of-a-soldier,Q5247591,"Death of a Soldier (Philippe Mora, 1986)"
http://www.ozmovies.com.au/movie/deathcheaters,Q5247671,"Deathcheaters (Brian Trenchard-Smith, 1976)"
http://www.ozmovies.com.au/movie/delinquents,Q7729665,"The Delinquents (Chris Thomson, 1989)"
http://www.ozmovies.com.au/movie/demonstrator,Q5256327,"Demonstrator (Warwick Freeman, 1971)"
http://www.ozmovies.com.au/movie/dennis-orourke-on-dennis-orourke,,
http://www.ozmovies.com.au/movie/desolation-angels,Q5264862,"Desolation Angels (Chris Fitchett, 1982)"
http://www.ozmovies.com.au/movie/devil-in-the-flesh,Q5267342,"Devil in the Flesh (Scott Murray, 1989)"
http://www.ozmovies.com.au/movie/devils-hill,Q33060544,"Devil's Hill (Esben Storm, 1988)"
http://www.ozmovies.com.au/movie/devils-playground,Q3520601,"The Devil's Playground (Fred Schepisi, 1976)"
http://www.ozmovies.com.au/movie/diana--me,Q5271064,"Diana & Me (David Parker, 1997)"
http://www.ozmovies.com.au/movie/diaries-of-vaslav-nijinsky,Q7730099,"The Diaries of Vaslav Nijinsky (Paul Cox, 2001)"
http://www.ozmovies.com.au/movie/diggers,Q5275641,"Diggers (Francis William Thring, 1931)"
http://www.ozmovies.com.au/movie/diggers-in-blighty,Q5275649,"Diggers in Blighty (Pat Hanna/Raymond Longford, 1933)"
http://www.ozmovies.com.au/movie/dimboola,Q5277185,"Dimboola (John Duigan, 1979)"
http://www.ozmovies.com.au/movie/dingo,Q3028325,"Dingo (Rolf de Heer, 1991)"
http://www.ozmovies.com.au/movie/dirty-deeds,Q4151182,"Dirty Deeds (David Caesar, 2002)"
http://www.ozmovies.com.au/movie/dish,Q1410845,"The Dish (Rob Sitch, 2000)"
http://www.ozmovies.com.au/movie/distant-home,Q15039417,"The Distant Home (Robert Marchand, 1992)"
http://www.ozmovies.com.au/movie/doctors--nurses,Q5287568,"Doctors and Nurses (Maurice Murphy, 1981)"
http://www.ozmovies.com.au/movie/dogfood,,
http://www.ozmovies.com.au/movie/dogs-in-space,Q5288447,"Dogs in Space (Richard Lowenstein, 1987)"
http://www.ozmovies.com.au/movie/doing-time-for-patsy-cline,Q5288674,"Doing Time for Patsy Cline (Chris Kennedy, 1997)"
http://www.ozmovies.com.au/movie/don-quixote,Q5293358,"Don Quixote (Rudolf Nureyev, 1973)"
http://www.ozmovies.com.au/movie/dons-party,Q5291409,"Don's Party (Bruce Beresford, 1976)"
http://www.ozmovies.com.au/movie/dot-and-keeto,Q16918861,"Dot and Keeto (Yoram Gross, 1985)"
http://www.ozmovies.com.au/movie/dot-and-the-bunny,Q16919040,"Dot and the Bunny (Yoram Gross, 1983)"
http://www.ozmovies.com.au/movie/dot-and-the-kangaroo,Q16833576,"Dot and the Kangaroo (Yoram Gross, 1977)"
http://www.ozmovies.com.au/movie/dot-and-the-koala,Q9210334,"Dot and the Koala (Yoram Gross, 1984)"
http://www.ozmovies.com.au/movie/dot-and-the-smugglers,Q16919808,"Dot and the Smugglers (Yoram Gross, 1987)"
http://www.ozmovies.com.au/movie/dot-and-the-whale,Q5299400,"Dot and the Whale (Yoram Gross, 1986)"
http://www.ozmovies.com.au/movie/dot-goes-to-hollywood,Q5299390,"Dot Goes to Hollywood (Yoram Gross, 1987)"
http://www.ozmovies.com.au/movie/dot-in-space,Q15039815,"Dot in Space (Yoram Gross, 1994)"
http://www.ozmovies.com.au/movie/double-deal,Q5299711,"Double Deal (Brian Kavanagh, 1983)"
http://www.ozmovies.com.au/movie/down-the-wind,Q5303019,"Down the Wind (Scott Hicks, 1975)"
http://www.ozmovies.com.au/movie/dreaming,Q7730975,"The Dreaming (Mario Andreacchio, 1988)"
http://www.ozmovies.com.au/movie/duet-for-four,Q5312255,"Duet for Four (Tim Burstall, 1982)"
http://www.ozmovies.com.au/movie/dust-in-the-sun,Q5317009,"Dust in the Sun (Lee Robinson, 1958)"
http://www.ozmovies.com.au/movie/dust-off-the-wings,Q5316988,"Dust Off the Wings (Lee Rogers, 1997)"
http://www.ozmovies.com.au/movie/dusty,Q5317162,"Dusty (John Richardson, 1983)"
http://www.ozmovies.com.au/movie/early-frost,Q5326654,Early Frost (1982)
http://www.ozmovies.com.au/movie/earthling,Q1617093,"The Earthling (Peter Collinson, 1980)"
http://www.ozmovies.com.au/movie/ebbtide,Q5331560,"Ebbtide (Craig Lahiff, 1994)"
http://www.ozmovies.com.au/movie/efftee-entertainers,,
http://www.ozmovies.com.au/movie/efftees-australia,,
http://www.ozmovies.com.au/movie/eight-ball,Q5348951,"Eight Ball (Ray Argall, 1992)"
http://www.ozmovies.com.au/movie/eliza-fraser,Q5362135,"Eliza Fraser (Tim Burstall, 1976)"
http://www.ozmovies.com.au/movie/emerald-city,Q2451484,"Emerald City (Michael Jenkins, 1988)"
http://www.ozmovies.com.au/movie/emmas-war,Q5372694,"Emma's War (Clytie Jessop, 1986)"
http://www.ozmovies.com.au/movie/emoh-ruo,Q5373662,"Emoh Ruo (Denny Lawrence, 1985)"
http://www.ozmovies.com.au/movie/empty-beach,Q7731969,"The Empty Beach (Chris Thomson, 1985)"
http://www.ozmovies.com.au/movie/encounters,Q5375590,"Encounters (Murray Fahey, 1993)"
http://www.ozmovies.com.au/movie/end-play,Q5375802,"End Play (Tim Burstall, 1975)"
http://www.ozmovies.com.au/movie/envy,,
http://www.ozmovies.com.au/movie/epic,,
http://www.ozmovies.com.au/movie/epsilon,Q3415982,"Epsilon (Rolf de Heer, 1997)"
http://www.ozmovies.com.au/movie/erskineville-kings,Q4532625,"Erskineville Kings (Alan White, 1999)"
http://www.ozmovies.com.au/movie/eureka-stockade,Q5411239,"Eureka Stockade (Harry Watt, 1949)"
http://www.ozmovies.com.au/movie/everlasting-secret-family,Q7732680,"The Everlasting Secret Family (Michael Thornhill, 1988)"
http://www.ozmovies.com.au/movie/every-night-...-every-night,,
http://www.ozmovies.com.au/movie/evil-angels,Q1249239,"Evil Angels (Fred Schepisi, 1988)"
http://www.ozmovies.com.au/movie/exchange-lifeguards,Q4081065,"Exchange Lifeguards (Maurice Murphy, 1992)"
http://www.ozmovies.com.au/movie/excursion-to-the-bridge-of-friendship,Q123287294,"Excursion to the Bridge of Friendship (Christina Andreef, 1992)"
http://www.ozmovies.com.au/movie/exile,Q5420265,"Exile (Paul Cox, 1994)"
http://www.ozmovies.com.au/movie/fair-game-(1985),,
http://www.ozmovies.com.au/movie/fantasm,Q5434158,"Fantasm (Richard Franklin, 1976)"
http://www.ozmovies.com.au/movie/fantasm-comes-again,Q5434157,"Fantasm Comes Again (Colin Eggleston, 1977)"
http://www.ozmovies.com.au/movie/far-east,Q5434525,"Far East (John Duigan, 1982)"
http://www.ozmovies.com.au/movie/fast-talking,Q5436993,"Fast Talking (Ken Cameron, 1984)"
http://www.ozmovies.com.au/movie/fatal-bond,Q5437280,"Fatal Bond (Vince Monton, 1992)"
http://www.ozmovies.com.au/movie/father,Q5437557,"Father (John Power, 1990)"
http://www.ozmovies.com.au/movie/fatty-finn,Q1398280,"Fatty Finn (Maurice Murphy, 1980)"
http://www.ozmovies.com.au/movie/feathers,Q12120119,"Feathers (John Ruane, 1987)"
http://www.ozmovies.com.au/movie/feeling-sexy,Q5441388,"Feeling Sexy (Davida Allen, 1999)"
http://www.ozmovies.com.au/movie/felicity,Q5441780,"Felicity (John D. Lamond, 1979)"
http://www.ozmovies.com.au/movie/fellers,Q5442455,"Fellers (Arthur Higgins, 1930)"
http://www.ozmovies.com.au/movie/ferngully-the-last-rainforest,Q240852,"FernGully: The Last Rainforest (Bill Kroyer, 1992)"
http://www.ozmovies.com.au/movie/fever,,
http://www.ozmovies.com.au/movie/fighting-back,Q5447870,"Fighting Back (Michael Caulfield, 1982)"
http://www.ozmovies.com.au/movie/final-cut,Q5449370,"Final Cut (Ross Dimsey, 1980)"
http://www.ozmovies.com.au/movie/fire-in-the-stone,Q15039765,"The Fire In The Stone (Gary Conway, 1983)"
http://www.ozmovies.com.au/movie/firm-man,Q7734059,"The Firm Man (John Duigan, 1975)"
http://www.ozmovies.com.au/movie/first-contact,Q1419324,"First Contact (Bob Connolly, 1983)"
http://www.ozmovies.com.au/movie/first-kangaroos,Q7734144,"The First Kangaroos (Frank Cvitanovich, 1988)"
http://www.ozmovies.com.au/movie/fistful-of-flies,Q5455347,"Fistful of Flies (Monica Pellizzari, 1996)"
http://www.ozmovies.com.au/movie/fj-holden,Q7732966,"The FJ Holden (Michael Thornhill, 1977)"
http://www.ozmovies.com.au/movie/flashpoint,Q5457663,"Flashpoint (Brian Hannant, 1972)"
http://www.ozmovies.com.au/movie/flirting,Q127665,"Flirting (John Duigan, 1991)"
http://www.ozmovies.com.au/movie/floating-life,Q5459878,"Floating Life (Clara Law, 1996)"
http://www.ozmovies.com.au/movie/fluteman,Q5462968,"Fluteman (Peter Maxwell, 1982)"
http://www.ozmovies.com.au/movie/flying-doctor,Q7734577,"The Flying Doctor (Miles Mander, 1936)"
http://www.ozmovies.com.au/movie/for-love-alone,Q5466776,"For Love Alone (Stephen Wallace, 1986)"
http://www.ozmovies.com.au/movie/fortress,Q5472705,"Fortress (Arch Nicholson, 1986)"
http://www.ozmovies.com.au/movie/fortress-(1992),Q612373,"Fortress (Stuart Gordon, 1992)"
http://www.ozmovies.com.au/movie/forty-thousand-horsemen,Q5472997,"Forty Thousand Horsemen (Charles Chauvel, 1940)"
http://www.ozmovies.com.au/movie/four-jacks,Q5475255,"Four Jacks (Matthew George, 2001)"
http://www.ozmovies.com.au/movie/fourth-wish,Q7735084,"The Fourth Wish (Don Chaffey, 1976)"
http://www.ozmovies.com.au/movie/fran,Q8565317,"Fran (Glenda Hambly, 1985)"
http://www.ozmovies.com.au/movie/frauds,Q594030,"Frauds (Stephan Elliott, 1993)"
http://www.ozmovies.com.au/movie/freedom,,
http://www.ozmovies.com.au/movie/frenchmans-farm,Q5502707,"Frenchman's Farm (Ron Way, 1986)"
http://www.ozmovies.com.au/movie/fresh-air,,
http://www.ozmovies.com.au/movie/fringe-dwellers,Q7735329,"The Fringe Dwellers (Bruce Beresford, 1986)"
http://www.ozmovies.com.au/movie/frog-dreaming,Q5505183,"Frog Dreaming (Brian Trenchard-Smith, 1986)"
http://www.ozmovies.com.au/movie/from-palestine-to-bengazi-with-the-prime-minister,Q20022620,From Palestine to Bengazi with the Prime Minister (1941)
http://www.ozmovies.com.au/movie/funny-things-happen-down-under,Q1004363,"Funny Things Happen Down Under (Joe McCormick, 1965)"
http://www.ozmovies.com.au/movie/future-schlock,Q5510758,"Future Schlock (Barry Peak/Chris Kiely, 1984)"
http://www.ozmovies.com.au/movie/gallipoli,Q1077160,"Gallipoli (Peter Weir, 1981)"
http://www.ozmovies.com.au/movie/gap,,
http://www.ozmovies.com.au/movie/garage-days,Q3007933,"Garage Days (Alex Proyas, 2002)"
http://www.ozmovies.com.au/movie/garbo,Q5522034,"Garbo (Ron Cobb, 1992)"
http://www.ozmovies.com.au/movie/gate,,
http://www.ozmovies.com.au/movie/geese-mate-for-life!,,
http://www.ozmovies.com.au/movie/gentle-strangers,Q5533689,"Gentle Strangers (Cecil Holmes, 1972)"
http://www.ozmovies.com.au/movie/georgia,,
http://www.ozmovies.com.au/movie/get-away-get-away,Q5553798,"Get Away, Get Away (Murray Fahey, 1992)"
http://www.ozmovies.com.au/movie/getting-of-wisdom,Q7736240,"The Getting of Wisdom (Bruce Beresford, 1977)"
http://www.ozmovies.com.au/movie/ghosts-...-of-the-civil-dead,Q3104975,"Ghosts… of the Civil Dead (John Hillcoat, 1988)"
http://www.ozmovies.com.au/movie/gift,,
http://www.ozmovies.com.au/movie/ginger-meggs,Q4449268,"Ginger Meggs (Jonathan Dawson, 1982)"
http://www.ozmovies.com.au/movie/girls-own-story,Q4657008,"A Girl's Own Story (Jane Campion, 1984)"
http://www.ozmovies.com.au/movie/glass,,
http://www.ozmovies.com.au/movie/glenrowan-affair,Q7736766,"The Glenrowan Affair (Rupert Kathner, 1951)"
http://www.ozmovies.com.au/movie/goddess-of-1967,Q1138902,"The Goddess of 1967 (Clara Law, 2000)"
http://www.ozmovies.com.au/movie/going-down,Q5577776,"Going Down (Haydn Keenan, 1983)"
http://www.ozmovies.com.au/movie/going-sane,Q15039646,"Going Sane (Michael Robertson, 1987)"
http://www.ozmovies.com.au/movie/golden-braid,Q17005455,"Golden Braid (Paul Cox, 1990)"
http://www.ozmovies.com.au/movie/golden-cage,Q15039748,"The Golden Cage (Ayten Kuyululu Ürkmez, 1975)"
http://www.ozmovies.com.au/movie/gone-to-the-dogs,Q5581634,"Gone to the Dogs (Ken G. Hall, 1939)"
http://www.ozmovies.com.au/movie/good-afternoon,,
http://www.ozmovies.com.au/movie/good-woman-of-bangkok,Q123288707,The Good Woman of Bangkok (1991)
http://www.ozmovies.com.au/movie/goodbye-paradise,Q5583300,"Goodbye Paradise (Carl Schultz, 1983)"
http://www.ozmovies.com.au/movie/grandad-rudd,Q5595279,"Grandad Rudd (Ken G. Hall, 1935)"
http://www.ozmovies.com.au/movie/great-expectations-the-untold-story,Q5599125,"Great Expectations: The Untold Story (Tim Burstall, 1987)"
http://www.ozmovies.com.au/movie/great-gold-swindle,Q15039434,"The Great Gold Swindle (John Power, 1984)"
http://www.ozmovies.com.au/movie/great-macarthy,Q7737838,"The Great Macarthy (David Baker, 1975)"
http://www.ozmovies.com.au/movie/green-card,Q505135,"Green Card (Peter Weir, 1990)"
http://www.ozmovies.com.au/movie/greenkeeping,Q5604194,"Greenkeeping (David Caesar, 1992)"
http://www.ozmovies.com.au/movie/grendel-grendel-grendel,Q12124668,"Grendel Grendel Grendel (Alex Stitt, 1981)"
http://www.ozmovies.com.au/movie/grievous-bodily-harm,Q3415133,"Grievous Bodily Harm (Mark Joffe, 1988)"
http://www.ozmovies.com.au/movie/gross-misconduct,Q2515683,"Gross Misconduct (George T. Miller, 1993)"
http://www.ozmovies.com.au/movie/ground-zero,Q5610898,"Ground Zero (Bruce Myles/Michael Pattinson, 1987)"
http://www.ozmovies.com.au/movie/half-life,Q3416832,"Half Life: A Parable for the Nuclear Age (Dennis O'Rourke, 1985)"
http://www.ozmovies.com.au/movie/hammers-over-the-anvil,Q3545539,"Hammers Over the Anvil (Ann Turner, 1993)"
http://www.ozmovies.com.au/movie/harbour-beat,Q5654787,"Harbour Beat (David Elfick, 1990)"
http://www.ozmovies.com.au/movie/hard-knocks,Q15039771,"Hard Knocks (Don McLennan, 1980)"
http://www.ozmovies.com.au/movie/hard-knuckle,Q15039439,"Hard Knuckle (Lex Marinos, 1988)"
http://www.ozmovies.com.au/movie/hard-word,Q600253,"The Hard Word (Scott Roberts, 2002)"
http://www.ozmovies.com.au/movie/harlequin,Q3127478,"Harlequin (Simon Wincer, 1980)"
http://www.ozmovies.com.au/movie/harmony-row,Q5659602,"Harmony Row (Francis William Thring/Raymond Longford, 1933)"
http://www.ozmovies.com.au/movie/harris-down-under,,
http://www.ozmovies.com.au/movie/harvest-gold,Q5676779,"Harvest Gold (Mervyn Murphy, 1945)"
http://www.ozmovies.com.au/movie/harvest-of-hate,Q5676886,"Harvest of Hate (Michael Thornhill, 1978)"
http://www.ozmovies.com.au/movie/haydn-keenans-pandemonium,Q7130566,"Pandemonium (Haydn Keenan, 1987)"
http://www.ozmovies.com.au/movie/hayseeds,Q7739084,"The Hayseeds (Beaumont Smith/Raymond Longford, 1933)"
http://www.ozmovies.com.au/movie/he-died-with-a-felafel-in-his-hand,Q3415693,"He Died with a Felafel in His Hand (Richard Lowenstein, 2001)"
http://www.ozmovies.com.au/movie/head-on,Q2700562,"Head On (Ana Kokkinos, 1998)"
http://www.ozmovies.com.au/movie/heartbreak-kid,Q7739216,"The Heartbreak Kid (Michael Jenkins, 1993)"
http://www.ozmovies.com.au/movie/heatwave,Q4178172,"Heatwave (Phillip Noyce, 1982)"
http://www.ozmovies.com.au/movie/heaven-tonight,Q5694749,"Heaven Tonight (Pino Amenta, 1990)"
http://www.ozmovies.com.au/movie/heavens-burning,Q1516308,"Heaven's Burning (Craig Lahiff, 1997)"
http://www.ozmovies.com.au/movie/hercules-returns,Q4114646,"Hercules Returns (David Parker, 1993)"
http://www.ozmovies.com.au/movie/heritage,,
http://www.ozmovies.com.au/movie/high-country,Q15039772,"High Country (Bill Hughes, 1983)"
http://www.ozmovies.com.au/movie/high-rolling,Q5756374,"High Rolling (Igor Auzins, 1977)"
http://www.ozmovies.com.au/movie/hightide,,
http://www.ozmovies.com.au/movie/his-royal-highness,Q5772181,"His Royal Highness (Francis William Thring, 1932)"
http://www.ozmovies.com.au/movie/holidays-on-the-river-yarra,Q5880596,"Holidays on the River Yarra (Leo Berkeley, 1991)"
http://www.ozmovies.com.au/movie/holy-smoke,Q143835,"Holy Smoke! (Jane Campion, 1999)"
http://www.ozmovies.com.au/movie/homesdale,Q3417503,"Homesdale (Peter Weir, 1971)"
http://www.ozmovies.com.au/movie/hoodwink,Q5897662,"Hoodwink (Claude Whatham, 1981)"
http://www.ozmovies.com.au/movie/horses,,
http://www.ozmovies.com.au/movie/hospitals-dont-burn-down!,Q1237158,"Hospitals Don't Burn Down (Brian Trenchard-Smith, 1978)"
http://www.ozmovies.com.au/movie/hostage-the-christine-maresch-story,Q5909290,"Hostage (Frank Shields, 1983)"
http://www.ozmovies.com.au/movie/hotel-de-love,Q5912157,"Hotel de Love (Craig Rosenberg, 1996)"
http://www.ozmovies.com.au/movie/hotel-sorrento,Q12124874,"Hotel Sorrento (Richard Franklin, 1995)"
http://www.ozmovies.com.au/movie/houseboat-horror,Q5915734,"Houseboat Horror (Kendal Flanagan, 1989)"
http://www.ozmovies.com.au/movie/humpty-dumpty-man,Q7740937,"The Humpty Dumpy Man (P. J. Hogan, 1986)"
http://www.ozmovies.com.au/movie/hungry-heart,Q5943489,"Hungry Heart (Luigi Acquisto, 1987)"
http://www.ozmovies.com.au/movie/hunting,Q4085738,"Hunting (Frank Howson, 1991)"
http://www.ozmovies.com.au/movie/hurricane-smith,Q12124942,"Hurricane Smith (Colin Budds, 1992)"
http://www.ozmovies.com.au/movie/i-live-with-me-dad,Q15039450,I Live with Me Dad (1985)
http://www.ozmovies.com.au/movie/i-own-the-racecourse,Q5978707,"I Own the Racecourse (Stephen Ramsey, 1985)"
http://www.ozmovies.com.au/movie/idiot-box,Q5988951,"Idiot Box (David Caesar, 1996)"
http://www.ozmovies.com.au/movie/ileksen,Q123288472,Ileksen (1978)
http://www.ozmovies.com.au/movie/illuminations,Q6000394,"Illuminations (Paul Cox, 1976)"
http://www.ozmovies.com.au/movie/in-a-savage-land,Q12125031,"In a Savage Land (Bill Bennett, 1999)"
http://www.ozmovies.com.au/movie/in-search-of-anna,Q6010646,"In Search of Anna (Esben Storm, 1979)"
http://www.ozmovies.com.au/movie/in-the-wake-of-the-bounty,Q3149754,"In the Wake of the Bounty (Charles Chauvel, 1933)"
http://www.ozmovies.com.au/movie/in-the-winter-dark,Q19874556,"In the Winter Dark (James Bogle, 1998)"
http://www.ozmovies.com.au/movie/in-too-deep,Q6011007,"In Too Deep (John Tatoulis, 1989)"
http://www.ozmovies.com.au/movie/incident-at-ravens-gate,Q6014570,"Incident at Raven's Gate (Rolf de Heer, 1988)"
http://www.ozmovies.com.au/movie/indecent-obsession,Q4750061,"An Indecent Obsession (Lex Marinos, 1985)"
http://www.ozmovies.com.au/movie/indonesia-calling,Q6025825,"Indonesia Calling (Joris Ivens, 1946)"
http://www.ozmovies.com.au/movie/initiation,Q6034195,"Initiation (Michael Pearce, 1987)"
http://www.ozmovies.com.au/movie/inn-of-the-damned,Q6035127,"Inn of the Damned (Terry Bourke, 1975)"
http://www.ozmovies.com.au/movie/innocence,Q6035913,"Innocence (Paul Cox, 2000)"
http://www.ozmovies.com.au/movie/innocent-prey,Q15039669,"Innocent Prey (Colin Eggleston, 1988)"
http://www.ozmovies.com.au/movie/inside-looking-out,Q12125099,"Inside Looking Out (Paul Cox, 1977)"
http://www.ozmovies.com.au/movie/inspector-morse-in-australia,,
http://www.ozmovies.com.au/movie/interview,Q7742367,"The Interview (Craig Monahan, 1998)"
http://www.ozmovies.com.au/movie/into-the-straight,Q6058168,"Into the Straight (T.O. McCreadie, 1949)"
http://www.ozmovies.com.au/movie/intruders,Q7742391,"The Intruders (Lee Robinson, 1969)"
http://www.ozmovies.com.au/movie/irishman,Q7742576,"The Irishman (Donald Crombie, 1978)"
http://www.ozmovies.com.au/movie/isabelle-eberhardt,Q6078224,"Isabelle Eberhardt (Ian Pringle, 1991)"
http://www.ozmovies.com.au/movie/island,,
http://www.ozmovies.com.au/movie/island-of-dr-moreau,Q1091580,"The Island of Dr. Moreau (John Frankenheimer/Richard Stanley, 1996)"
http://www.ozmovies.com.au/movie/isle-of-intrigue,Q6083930,"Isle of Intrigue (A.R. Harwood, 1931)"
http://www.ozmovies.com.au/movie/it-isnt-done,Q6091875,"It Isn't Done (Ken G. Hall, 1937)"
http://www.ozmovies.com.au/movie/it-takes-all-kinds,Q16997392,"It Takes All Kinds (Eddie Davis, 1969)"
http://www.ozmovies.com.au/movie/jack-and-jill-a-postscript,Q12125196,"Jack and Jill: A Postscript (Phillip Adams, 1970)"
http://www.ozmovies.com.au/movie/jedda,Q3176350,"Jedda (Charles Chauvel, 1955)"
http://www.ozmovies.com.au/movie/jenny-kissed-me,Q6179367,"Jenny Kissed Me (Brian Trenchard-Smith, 1986)"
http://www.ozmovies.com.au/movie/jigsaw,Q6192371,"Jigsaw (Marc Gracie, 1989)"
http://www.ozmovies.com.au/movie/jilted,Q6193220,"Jilted (Bill Bennett, 1987)"
http://www.ozmovies.com.au/movie/jindalee-lady,Q15039817,"Jindalee Lady (Brian Syron, 1990)"
http://www.ozmovies.com.au/movie/joe-leahys-neighbours,Q123288609,"Joe Leahy's Neighbours (Robin Anderson, 1989)"
http://www.ozmovies.com.au/movie/joey,Q11310825,"Joey (Ian Barry, 1997)"
http://www.ozmovies.com.au/movie/johs-jury,Q15039470,"Joh's Jury (Ken Cameron, 1993)"
http://www.ozmovies.com.au/movie/journalist,Q7743642,"The Journalist (Michael Thornhill, 1979)"
http://www.ozmovies.com.au/movie/journey-among-women,Q6296331,"Journey Among Women (Tom Cowan, 1977)"
http://www.ozmovies.com.au/movie/journey-of-a-nation,Q123306610,"Journey Of A Nation (John Heyer, 1947)"
http://www.ozmovies.com.au/movie/journey-out-of-darkness,Q12125270,"Journey Out of Darkness (James Trainor, 1967)"
http://www.ozmovies.com.au/movie/julie-julie-...,,
http://www.ozmovies.com.au/movie/kadaicha,Q6344965,"Kadaicha (James Bogle, 1988)"
http://www.ozmovies.com.au/movie/kangaroo,Q3210106,"Kangaroo (Lewis Milestone, 1952)"
http://www.ozmovies.com.au/movie/kangaroo-(1986),Q6362508,"Kangaroo (Tim Burstall, 1987)"
http://www.ozmovies.com.au/movie/kangaroo-kid,Q7743960,"The Kangaroo Kid (Lesley Selander, 1950)"
http://www.ozmovies.com.au/movie/kapyong,Q19874848,"Kapyong (Dennis K. Smith, 2011)"
http://www.ozmovies.com.au/movie/kick,Q6404196,"Kick (Lynda Heys, 1999)"
http://www.ozmovies.com.au/movie/kid-stakes,Q7744230,"The Kid Stakes (Tal Ordell, 1927)"
http://www.ozmovies.com.au/movie/killing-of-angel-street,Q7744384,"The Killing of Angel Street (Donald Crombie, 1981)"
http://www.ozmovies.com.au/movie/king-of-the-coral-sea,Q6412332,"King of the Coral Sea (Lee Robinson, 1954)"
http://www.ozmovies.com.au/movie/kink-in-the-picasso,Q4657584,"A Kink in the Picasso (Marc Gracie, 1990)"
http://www.ozmovies.com.au/movie/kiss-or-kill,Q1743756,"Kiss or Kill (Bill Bennett, 1997)"
http://www.ozmovies.com.au/movie/kitty-and-the-bagman,Q12125409,"Kitty and the Bagman (Donald Crombie, 1983)"
http://www.ozmovies.com.au/movie/kokoda-crescent,Q6426728,"Kokoda Crescent (Ted Robinson, 1988)"
http://www.ozmovies.com.au/movie/kokoda-front-line!,Q1146446,"Kokoda Front Line! (Ken G. Hall, 1942)"
http://www.ozmovies.com.au/movie/kostas,Q6433483,"Kostas (Paul Cox, 1979)"
http://www.ozmovies.com.au/movie/koya-no-toseinin,Q17036710,"The Drifting Avenger (Junya Satō, 1968)"
http://www.ozmovies.com.au/movie/kung-fu-killers,Q6444464,"Kung Fu Killers (Brian Trenchard-Smith, 1974)"
http://www.ozmovies.com.au/movie/la-spagnola,Q6465315,"La Spagnola (Steve Jacobs, 2001)"
http://www.ozmovies.com.au/movie/ladies-please,Q130265403,Ladies Please
http://www.ozmovies.com.au/movie/lady-stay-dead,Q6470563,"Lady Stay Dead (Terry Bourke, 1981)"
http://www.ozmovies.com.au/movie/land-mines-a-love-story,Q122585756,Land Mines - A Love Story
http://www.ozmovies.com.au/movie/lantana,Q690463,"Lantana (Ray Lawrence, 2001)"
http://www.ozmovies.com.au/movie/last-bullet,Q4373873,"The Last Bullet (Michael Pattinson, 1995)"
http://www.ozmovies.com.au/movie/last-days-of-chez-nous,Q4315248,"The Last Days of Chez Nous (Gillian Armstrong, 1992)"
http://www.ozmovies.com.au/movie/last-of-the-knucklemen,Q7746251,"The Last of the Knucklemen (Tim Burstall, 1979)"
http://www.ozmovies.com.au/movie/last-wave,Q1218841,"The Last Wave (Peter Weir, 1977)"
http://www.ozmovies.com.au/movie/les-patterson-saves-the-world,Q1961374,"Les Patterson Saves the World (George T. Miller, 1987)"
http://www.ozmovies.com.au/movie/let-george-do-it,Q6532660,"Let George Do It (Ken G. Hall, 1938)"
http://www.ozmovies.com.au/movie/let-the-balloon-go,Q6533067,"Let the Balloon Go (Oliver Howes, 1976)"
http://www.ozmovies.com.au/movie/lets-get-skase,Q6532367,"Let's Get Skase (Matthew George, 2001)"
http://www.ozmovies.com.au/movie/lets-go,,
http://www.ozmovies.com.au/movie/libido,Q6542266,"Libido (Fred Schepisi/John B. Murray/Tim Burstall, 1973)"
http://www.ozmovies.com.au/movie/lighthorsemen,Q2682416,"The Lighthorsemen (Simon Wincer, 1987)"
http://www.ozmovies.com.au/movie/lightning-jack,Q1511623,"Lightning Jack (Simon Wincer, 1994)"
http://www.ozmovies.com.au/movie/lilians-story,,
http://www.ozmovies.com.au/movie/listen-to-the-lion,Q6646428,"Listen to the Lion (Henri Safran, 1977)"
http://www.ozmovies.com.au/movie/little-bit-of-soul,Q987973,"A Little Bit of Soul (Peter Duncan, 1998)"
http://www.ozmovies.com.au/movie/little-boy-lost,Q3256662,"Little Boy Lost (Terry Bourke, 1978)"
http://www.ozmovies.com.au/movie/little-convict,Q17052523,"The Little Convict (Yoram Gross, 1979)"
http://www.ozmovies.com.au/movie/living-room,Q123303946,"Living Room (David Caesar, 1988)"
http://www.ozmovies.com.au/movie/lonely-hearts,Q6671608,"Lonely Hearts (Paul Cox, 1982)"
http://www.ozmovies.com.au/movie/long-john-silver,Q6672759,"Long John Silver (Byron Haskin, 1954)"
http://www.ozmovies.com.au/movie/long-tan-the-true-story,,
http://www.ozmovies.com.au/movie/long-weekend,Q3259052,"Long Weekend (Colin Eggleston, 1978)"
http://www.ozmovies.com.au/movie/looking-for-alibrandi,Q834367,"Looking for Alibrandi (Kate Woods, 2000)"
http://www.ozmovies.com.au/movie/lorenzos-oil,Q1058555,"Lorenzo's Oil (George Miller, 1992)"
http://www.ozmovies.com.au/movie/lost-in-the-bush,Q6684450,"Lost in the Bush (Peter Dodds, 1973)"
http://www.ozmovies.com.au/movie/lost-islands,Q117457036,The Lost Islands
http://www.ozmovies.com.au/movie/lousy-little-sixpence,Q19363736,"Lousy Little Sixpence (Alec Morgan/Gerald Bostock, 1983)"
http://www.ozmovies.com.au/movie/love-and-other-catastrophes,Q6691661,"Love and Other Catastrophes (Emma-Kate Croghan, 1996)"
http://www.ozmovies.com.au/movie/love-epidemic,Q7748903,"The Love Epidemic (Brian Trenchard-Smith, 1975)"
http://www.ozmovies.com.au/movie/love-in-limbo,Q6691803,"Love in Limbo (David Elfick, 1993)"
http://www.ozmovies.com.au/movie/love-letters-from-teralba-road,Q7748932,"The Love Letters from Teralba Road (Stephen Wallace, 1977)"
http://www.ozmovies.com.au/movie/love-lust--lies,,
http://www.ozmovies.com.au/movie/love-serenade,Q3491414,"Love Serenade (Shirley Barrett, 1996)"
http://www.ozmovies.com.au/movie/lover-boy,Q6692348,"Lover Boy (Geoffrey Wright, 1989)"
http://www.ozmovies.com.au/movie/lovers-and-luggers,Q6692460,"Lovers and Luggers (Ken G. Hall, 1937)"
http://www.ozmovies.com.au/movie/lucky-break,Q6697866,"Lucky Break (Ben Lewin, 1994)"
http://www.ozmovies.com.au/movie/luigis-ladies,Q6699927,"Luigi's Ladies (Judy Morris, 1989)"
http://www.ozmovies.com.au/movie/luna-and-the-moon,,
http://www.ozmovies.com.au/movie/lust-and-revenge,Q6705261,"Lust and Revenge (Paul Cox, 1986)"
http://www.ozmovies.com.au/movie/mad-dog-morgan,Q1257078,"Mad Dog Morgan (Philippe Mora, 1976)"
http://www.ozmovies.com.au/movie/mad-max,Q248775,"Mad Max (George Miller, 1979)"
http://www.ozmovies.com.au/movie/mad-max-2,Q1125262,"Mad Max 2 (George Miller, 1981)"
http://www.ozmovies.com.au/movie/mad-max-beyond-thunderdome,Q426663,"Mad Max Beyond Thunderdome (George Miller/George Ogilvie, 1985)"
http://www.ozmovies.com.au/movie/magic-pudding,Q15650834,"The Magic Pudding (Karl Zwicky, 2000)"
http://www.ozmovies.com.au/movie/magic-riddle,Q3489899,"The Magic Riddle (Yoram Gross, 1991)"
http://www.ozmovies.com.au/movie/mail-order-bride,Q15039479,"Mail Order Bride (Stephen Wallace, 1984)"
http://www.ozmovies.com.au/movie/making-weekend-of-summer-last,,
http://www.ozmovies.com.au/movie/malcolm,Q1692212,"Malcolm (Nadia Tass, 1986)"
http://www.ozmovies.com.au/movie/mallboy,Q6744098,"Mallboy (Vincent Giarrusso, 2001)"
http://www.ozmovies.com.au/movie/mamas-gone-a-hunting,Q15039480,"Mama's Gone A-Hunting (Peter Maxwell, 1977)"
http://www.ozmovies.com.au/movie/man-from-hong-kong,Q7750035,"The Man from Hong Kong (Brian Trenchard-Smith, 1974)"
http://www.ozmovies.com.au/movie/man-from-snowy-river,Q2259533,"The Man from Snowy River (George T. Miller, 1982)"
http://www.ozmovies.com.au/movie/man-from-snowy-river-ii,Q7750062,"The Man from Snowy River II (Geoff Burrowes, 1988)"
http://www.ozmovies.com.au/movie/man-of-flowers,Q6746388,"Man of Flowers (Paul Cox, 1983)"
http://www.ozmovies.com.au/movie/man-of-straw,,
http://www.ozmovies.com.au/movie/man-who-sued-god,Q839908,"The Man Who Sued God (Mark Joffe, 2001)"
http://www.ozmovies.com.au/movie/man-you-know,Q123287865,"The Man You Know (Steve Jacobs, 1984)"
http://www.ozmovies.com.au/movie/manganinnie,Q6748794,"Manganinnie (John Honey, 1980)"
http://www.ozmovies.com.au/movie/mango-tree,Q7750183,"The Mango Tree (Kevin James Dobson, 1977)"
http://www.ozmovies.com.au/movie/map-of-the-human-heart,Q32424,"Map of the Human Heart (Vincent Ward, 1992)"
http://www.ozmovies.com.au/movie/marco-polo-jnr.-versus-the-red-dragon,Q6757681,"Marco Polo Junior Versus the Red Dragon (Eric Porter, 1972)"
http://www.ozmovies.com.au/movie/marsupials-the-howling-iii,Q1093373,"Howling III (Philippe Mora, 1987)"
http://www.ozmovies.com.au/movie/mary,,
http://www.ozmovies.com.au/movie/maslin-beach,Q110798364,"Maslin Beach (Wayne Groom, 1996)"
http://www.ozmovies.com.au/movie/matchless,Q117457074,Matchless
http://www.ozmovies.com.au/movie/mate,,
http://www.ozmovies.com.au/movie/me-myself-i,Q3429348,"Me Myself I (Pip Karmel, 2000)"
http://www.ozmovies.com.au/movie/melvin-son-of-alvin,Q6813921,"Melvin, Son of Alvin (John Eastway, 1984)"
http://www.ozmovies.com.au/movie/men-of-timor,Q6816295,"Men of Timor (Damien Parer, 1942)"
http://www.ozmovies.com.au/movie/metal-skin,Q6822696,"Metal Skin (Geoffrey Wright, 1994)"
http://www.ozmovies.com.au/movie/midnite-spares,Q6842889,"Midnite Spares (Quentin Masters, 1983)"
http://www.ozmovies.com.au/movie/mike-and-stefani,Q6849376,"Mike and Stefani (R. Maslyn Williams, 1952)"
http://www.ozmovies.com.au/movie/minnamurra,Q6867932,"Minnamurra (Ian Barry, 1989)"
http://www.ozmovies.com.au/movie/missing,Q7751722,The Missing (1999)
http://www.ozmovies.com.au/movie/moeru-tairiku,Q16963252,"Moeru Tairiku (Shōgorō Nishimura, 1968)"
http://www.ozmovies.com.au/movie/molly,Q6896507,"Molly (Ned Lander, 1983)"
http://www.ozmovies.com.au/movie/molly--mobarak,Q6896502,"Molly & Mobarak (Tom Zubrycki, 2003)"
http://www.ozmovies.com.au/movie/molokai-the-story-of-father-damien,Q2247108,"Molokai: The Story of Father Damien (Paul Cox, 1999)"
http://www.ozmovies.com.au/movie/momman-little-jungle-boy,,
http://www.ozmovies.com.au/movie/money-movers,Q6899176,"Money Movers (Bruce Beresford, 1978)"
http://www.ozmovies.com.au/movie/monkey-grip,Q6900738,"Monkey Grip (Ken Cameron, 1982)"
http://www.ozmovies.com.au/movie/monkeys-mask,Q1712162,"The Monkey's Mask (Samantha Lang, 2000)"
http://www.ozmovies.com.au/movie/more-things-change-...,Q7752241,"The More Things Change... (Robyn Nevin, 1986)"
http://www.ozmovies.com.au/movie/moresby-under-the-blitz,Q19840447,"Moresby Under the Blitz (Ken G. Hall, 1942)"
http://www.ozmovies.com.au/movie/morris-wests-the-naked-country,Q15039744,"The Naked Country (Tim Burstall, 1985)"
http://www.ozmovies.com.au/movie/moulin-rouge!,Q193573,"Moulin Rouge! (Baz Luhrmann, 2001)"
http://www.ozmovies.com.au/movie/mouth-to-mouth,Q6926348,"Mouth to Mouth (John Duigan, 1978)"
http://www.ozmovies.com.au/movie/moving-on,Q6927077,"Moving On (Richard Mason, 1974)"
http://www.ozmovies.com.au/movie/moving-out,Q6927079,"Moving Out (Michael Pattinson, 1983)"
http://www.ozmovies.com.au/movie/mr-ikegamis-flight,Q123305115,"Mr Ikegami's Flight (Robert Connolly, 1995)"
http://www.ozmovies.com.au/movie/mr-reliable,Q6929129,"Mr. Reliable (Nadia Tass, 1996)"
http://www.ozmovies.com.au/movie/mr.-accident,Q12126301,"Mr. Accident (Yahoo Serious, 2000)"
http://www.ozmovies.com.au/movie/mr.-chedworth-steps-out,Q6928519,"Mr. Chedworth Steps Out (Ken G. Hall, 1939)"
http://www.ozmovies.com.au/movie/much-ado-about-something,Q9372726,"Much Ado About Something (Michael Rubbo, 2001)"
http://www.ozmovies.com.au/movie/mullaway,Q6934049,"Mull (Don McLennan, 1989)"
http://www.ozmovies.com.au/movie/mullet,Q6934200,"Mullet (David Caesar, 2001)"
http://www.ozmovies.com.au/movie/muriels-wedding,Q1348275,"Muriel's Wedding (P. J. Hogan, 1994)"
http://www.ozmovies.com.au/movie/mushrooms,Q121788928,Mushrooms
http://www.ozmovies.com.au/movie/my-brilliant-career,Q930294,"My Brilliant Career (Gillian Armstrong, 1979)"
http://www.ozmovies.com.au/movie/my-brother-tom,Q15039488,My Brother Tom (Pino Amenta)
http://www.ozmovies.com.au/movie/my-first-wife,Q12126390,"My First Wife (Paul Cox, 1984)"
http://www.ozmovies.com.au/movie/my-mother-frank,Q6946075,"My Mother Frank (Mark Lamprell, 2000)"
http://www.ozmovies.com.au/movie/my-survival-as-an-aboriginal,Q19875981,"My Survival as an Aboriginal (Essie Coffey, 1979)"
http://www.ozmovies.com.au/movie/mystery-at-castle-house,Q7752875,"The Mystery at Castle House (Peter Maxwell, 1982)"
http://www.ozmovies.com.au/movie/mystery-island,Q6948844,"Mystery Island (J.A. Lipman, 1937)"
http://www.ozmovies.com.au/movie/mystery-island-(1980),,
http://www.ozmovies.com.au/movie/naked-bunyip,Q7753012,"The Naked Bunyip (John B. Murray, 1970)"
http://www.ozmovies.com.au/movie/napoleon,Q3018979,"Napoleon (Mario Andreacchio, 1995)"
http://www.ozmovies.com.au/movie/narcissus-factor,,
http://www.ozmovies.com.au/movie/nation-is-built,Q19876044,"A Nation Is Built (Frank Hurley, 1938)"
http://www.ozmovies.com.au/movie/navigator,Q928963,"The Navigator: A Medieval Odyssey (Vincent Ward, 1988)"
http://www.ozmovies.com.au/movie/ned-kelly,Q3112204,"Ned Kelly (Tony Richardson, 1970)"
http://www.ozmovies.com.au/movie/never-tell-me-never,,
http://www.ozmovies.com.au/movie/newman-shame,Q7753884,"The Newman Shame (Julian Pringle, 1977)"
http://www.ozmovies.com.au/movie/newsfront,Q7019633,"Newsfront (Phillip Noyce, 1978)"
http://www.ozmovies.com.au/movie/next-of-kin,Q7021192,"Next of Kin (Tony Williams, 1982)"
http://www.ozmovies.com.au/movie/nickel-queen,Q7028273,"Nickel Queen (John McCallum, 1971)"
http://www.ozmovies.com.au/movie/night-cries,,
http://www.ozmovies.com.au/movie/night-nurse,Q15039560,"The Night Nurse (Igor Auzins, 1977)"
http://www.ozmovies.com.au/movie/night-of-fear,Q7033649,"Night of Fear (Terry Bourke, 1972)"
http://www.ozmovies.com.au/movie/night-the-prowler,Q2415762,"The Night the Prowler (Jim Sharman, 1978)"
http://www.ozmovies.com.au/movie/night-we-called-it-a-day,Q4327809,"The Night We Called It a Day (Paul Goldman, 2003)"
http://www.ozmovies.com.au/movie/nightmares,Q7033968,"Nightmares (John D. Lamond, 1980)"
http://www.ozmovies.com.au/movie/ningla-a-na,,
http://www.ozmovies.com.au/movie/nirvana-street-murder,Q7040133,"Nirvana Street Murder (Aleksi Vellis, 1990)"
http://www.ozmovies.com.au/movie/no-escape,Q1421228,"No Escape (Martin Campbell, 1994)"
http://www.ozmovies.com.au/movie/no-problems,Q123289129,No Problems (1989)
http://www.ozmovies.com.au/movie/no-worries,Q7045189,"No Worries (David Elfick, 1994)"
http://www.ozmovies.com.au/movie/norman-loves-rose,Q7052513,"Norman Loves Rose (Henri Safran, 1982)"
http://www.ozmovies.com.au/movie/nostradamus-kid,Q7754411,"The Nostradamus Kid (Bob Ellis, 1992)"
http://www.ozmovies.com.au/movie/not-fourteen-again,Q120700484,Not fourteen again (Gillian Armstrong)
http://www.ozmovies.com.au/movie/nothing-like-experience,Q7062802,"Nothing Like Experience (Peter Carmody, 1970)"
http://www.ozmovies.com.au/movie/now-and-forever,Q7065897,"Now and Forever (Adrian Carr, 1983)"
http://www.ozmovies.com.au/movie/nugget,Q3489980,"The Nugget (Bill Bennett, 2002)"
http://www.ozmovies.com.au/movie/number-96,Q104875997,Number 96 (1974)
http://www.ozmovies.com.au/movie/nun-and-the-bandit,Q7754500,"The Nun and the Bandit (Paul Cox, 1992)"
http://www.ozmovies.com.au/movie/occasional-coarse-language,Q12126682,Occasional Coarse Language (1998)
http://www.ozmovies.com.au/movie/odd-angry-shot,Q7754685,"The Odd Angry Shot (Tom Jeffrey, 1979)"
http://www.ozmovies.com.au/movie/office-picnic,Q7754723,"The Office Picnic (Tom Cowan, 1972)"
http://www.ozmovies.com.au/movie/old-man-who-read-love-stories,Q7754873,"The Old Man Who Read Love Stories (Rolf de Heer, 2001)"
http://www.ozmovies.com.au/movie/on-my-own,Q7091069,"On My Own (Antonio Tibaldi, 1991)"
http://www.ozmovies.com.au/movie/on-our-selection,Q7091101,"On Our Selection (Ken G. Hall, 1932)"
http://www.ozmovies.com.au/movie/on-the-beach,Q1469774,"On the Beach (Stanley Kramer, 1959)"
http://www.ozmovies.com.au/movie/one-night-stand,Q369435,"One Night Stand (John Duigan, 1984)"
http://www.ozmovies.com.au/movie/one-night-the-moon,Q7093078,"One Night the Moon (Rachel Perkins, 2001)"
http://www.ozmovies.com.au/movie/only-the-brave,Q7094331,"Only the Brave (Ana Kokkinos, 1994)"
http://www.ozmovies.com.au/movie/oondamooroo-a-profile-of-ernie-dingo,Q123288797,Oondamooroo: A Profile of Ernie Dingo (1992)
http://www.ozmovies.com.au/movie/orphan-of-the-wilderness,Q7103933,"Orphan of the Wilderness (Ken G. Hall, 1936)"
http://www.ozmovies.com.au/movie/oscar-and-lucinda,Q2033052,"Oscar and Lucinda (Gillian Armstrong, 1997)"
http://www.ozmovies.com.au/movie/out-of-it,Q117456999,Out Of It (Ken Cameron)
http://www.ozmovies.com.au/movie/out-of-the-body,Q7111720,"Out of the Body (Brian Trenchard-Smith, 1988)"
http://www.ozmovies.com.au/movie/over-the-hill,Q3358884,"Over the Hill (George T. Miller, 1992)"
http://www.ozmovies.com.au/movie/overlanders,Q7755740,"The Overlanders (Harry Watt, 1946)"
http://www.ozmovies.com.au/movie/oz,Q7116409,"Oz (Chris Löfvén, 1976)"
http://www.ozmovies.com.au/movie/pacific-banana,Q7122301,"Pacific Banana (John D. Lamond, 1981)"
http://www.ozmovies.com.au/movie/pack-of-women,Q15039499,"The Pack of Women (Ted Robinson, 1986)"
http://www.ozmovies.com.au/movie/palm-beach,Q7127973,"Palm Beach (Albie Thoms, 1980)"
http://www.ozmovies.com.au/movie/paperback-hero,Q2456097,"Paperback Hero (Antony J. Bowman, 1999)"
http://www.ozmovies.com.au/movie/paradise-road,Q1970669,"Paradise Road (Bruce Beresford, 1997)"
http://www.ozmovies.com.au/movie/passion,Q7142697,"Passion (Peter Duncan, 1999)"
http://www.ozmovies.com.au/movie/passionless-moments,Q7142780,"Passionless Moments (Gerard Lee/Jane Campion, 1983)"
http://www.ozmovies.com.au/movie/patrick,,
http://www.ozmovies.com.au/movie/paws,Q3050175,"Paws (Karl Zwicky, 1997)"
http://www.ozmovies.com.au/movie/pearlers,Q7756447,"The Pearlers (Lee Robinson, 1949)"
http://www.ozmovies.com.au/movie/peel,Q7160200,"Peel (Jane Campion, 1982)"
http://www.ozmovies.com.au/movie/personal-history-of-the-australian-surf,Q16824211,"A Personal History of the Australian Surf (Michael Blakemore, 1981)"
http://www.ozmovies.com.au/movie/peter--pompey,Q33060548,"Peter and Pompey (Michael Carson, 1988)"
http://www.ozmovies.com.au/movie/peter-kennas-the-umbrella-woman,,
http://www.ozmovies.com.au/movie/petersen,Q7178200,"Petersen (Tim Burstall, 1974)"
http://www.ozmovies.com.au/movie/phantom,Q1170071,"The Phantom (Simon Wincer, 1996)"
http://www.ozmovies.com.au/movie/phantom-gold,Q7180562,"Phantom Gold (Rupert Kathner, 1937)"
http://www.ozmovies.com.au/movie/phantom-stockman,Q7756849,"The Phantom Stockman (Lee Robinson, 1953)"
http://www.ozmovies.com.au/movie/phar-lap,Q4481165,"Phar Lap (Simon Wincer, 1983)"
http://www.ozmovies.com.au/movie/phobia,Q12126904,"Phobia (John Dingwall, 1988)"
http://www.ozmovies.com.au/movie/piano,Q117315,"The Piano (Jane Campion, 1993)"
http://www.ozmovies.com.au/movie/picnic-at-hanging-rock,Q1421747,"Picnic at Hanging Rock (Peter Weir, 1975)"
http://www.ozmovies.com.au/movie/picture-show-man,Q7757054,"The Picture Show Man (John Power, 1977)"
http://www.ozmovies.com.au/movie/pirate-movie,Q731335,"The Pirate Movie (Ken Annakin, 1982)"
http://www.ozmovies.com.au/movie/place-at-the-coast,Q7757326,"The Place at the Coast (George Ogilvie, 1987)"
http://www.ozmovies.com.au/movie/plains-of-heaven,Q7757356,"The Plains of Heaven (Ian Pringle, 1982)"
http://www.ozmovies.com.au/movie/platypus-cove,Q15039784,"Platypus Cove (Peter Maxwell, 1983)"
http://www.ozmovies.com.au/movie/playing-beatie-bow,Q7203385,"Playing Beatie Bow (Donald Crombie, 1986)"
http://www.ozmovies.com.au/movie/plugg,Q7205267,"Plugg (Terry Bourke, 1975)"
http://www.ozmovies.com.au/movie/plumber,Q3331431,"The Plumber (Peter Weir, 1979)"
http://www.ozmovies.com.au/movie/police-rescue,Q49907029,"Police Rescue (Michael Carson, 1994)"
http://www.ozmovies.com.au/movie/portrait-of-wendys-father,,
http://www.ozmovies.com.au/movie/power-and-the-glory,Q7757927,"The Power and the Glory (Noel Monkman, 1941)"
http://www.ozmovies.com.au/movie/praise,Q12126942,"Praise (John Curran, 1998)"
http://www.ozmovies.com.au/movie/pram-factory,,
http://www.ozmovies.com.au/movie/princess-kate,Q33060563,"Princess Kate (George Ogilvie, 1988)"
http://www.ozmovies.com.au/movie/prisoner-of-st.-petersburg,Q7758391,"The Prisoner of St. Petersburg (Ian Pringle, 1989)"
http://www.ozmovies.com.au/movie/prisoners-of-propaganda,Q123287492,"Prisoners of Propaganda (Graham Shirley, 1987)"
http://www.ozmovies.com.au/movie/private-collection,Q7246061,"Private Collection (Keith Salvat, 1972)"
http://www.ozmovies.com.au/movie/promised-woman,Q7249802,"Promised Woman (Tom Cowan, 1975)"
http://www.ozmovies.com.au/movie/proof,Q3407500,"Proof (Jocelyn Moorhouse, 1991)"
http://www.ozmovies.com.au/movie/protected,Q7251254,"Protected (Alessandro Cavadini, 1975)"
http://www.ozmovies.com.au/movie/puberty-blues,Q3283835,"Puberty Blues (Bruce Beresford, 1981)"
http://www.ozmovies.com.au/movie/punisher,Q1153794,"The Punisher (Mark Goldblatt, 1989)"
http://www.ozmovies.com.au/movie/pure-s,Q7261128,"Pure Shit (Bert Deling, 1975)"
http://www.ozmovies.com.au/movie/pursuit-of-happiness,Q7758824,"The Pursuit of Happiness (Martha Ansara, 1988)"
http://www.ozmovies.com.au/movie/queen-in-australia,Q7759002,"The Queen in Australia (Stanley Hawes, 1954)"
http://www.ozmovies.com.au/movie/queensland,,
http://www.ozmovies.com.au/movie/quiet-room,Q3425650,"The Quiet Room (Rolf de Heer, 1996)"
http://www.ozmovies.com.au/movie/quigley-down-under,Q1544448,"Quigley Down Under (Simon Wincer, 1990)"
http://www.ozmovies.com.au/movie/r.a.a.f.-eagles-over-new-guinea,Q19840616,"R.A.A.F. Eagles Over New Guinea (Ken G. Hall, 1943)"
http://www.ozmovies.com.au/movie/rabbit-proof-fence,Q1142799,"Rabbit-Proof Fence (Phillip Noyce, 2002)"
http://www.ozmovies.com.au/movie/race-for-the-yankee-zephyr,Q2644733,"Race for the Yankee Zephyr (David Hemmings, 1981)"
http://www.ozmovies.com.au/movie/race-the-sun,Q746538,"Race the Sun (Charles T. Kanganis, 1996)"
http://www.ozmovies.com.au/movie/radiance,Q7280293,"Radiance (Rachel Perkins, 1998)"
http://www.ozmovies.com.au/movie/rangle-river,Q7292876,"Rangle River (Clarence G. Badger, 1936)"
http://www.ozmovies.com.au/movie/rats-in-the-ranks,Q7295920,"Rats in the Ranks (Bob Connolly/Robin Anderson, 1996)"
http://www.ozmovies.com.au/movie/rats-of-tobruk,Q3522429,"The Rats of Tobruk (Charles Chauvel, 1944)"
http://www.ozmovies.com.au/movie/raw-deal,Q7296856,"Raw Deal (Russell Hagg, 1977)"
http://www.ozmovies.com.au/movie/raw-nerve,Q7296879,"Raw Nerve (Tony Wellington, 1990)"
http://www.ozmovies.com.au/movie/razorback,Q3421387,"Razorback (Russell Mulcahy, 1984)"
http://www.ozmovies.com.au/movie/real-macaw,Q7759609,"The Real Macaw (Mario Andreacchio, 1998)"
http://www.ozmovies.com.au/movie/rebel,Q7302016,"Rebel (Michael Jenkins, 1985)"
http://www.ozmovies.com.au/movie/reckless-kelly,Q3421998,"Reckless Kelly (Yahoo Serious, 1993)"
http://www.ozmovies.com.au/movie/redball,Q7305447,"Redball (Jon Hewitt, 1994)"
http://www.ozmovies.com.au/movie/redheads,Q7305893,"Redheads (Danny Vendramini, 1992)"
http://www.ozmovies.com.au/movie/reef,,
http://www.ozmovies.com.au/movie/refracting-glasses,Q124536131,The Refracting Glasses (1992)
http://www.ozmovies.com.au/movie/removalists,Q7760180,"The Removalists (Tom Jeffrey, 1975)"
http://www.ozmovies.com.au/movie/resistance,Q10359846,"Resistance (Hugh Keays-Byrne, 1992)"
http://www.ozmovies.com.au/movie/resting-place,,
http://www.ozmovies.com.au/movie/restless-and-the-damned,Q3201772,"The Restless and the Damned (Yves Allégret, 1959)"
http://www.ozmovies.com.au/movie/return-home,Q7317149,"Return Home (Ray Argall, 1990)"
http://www.ozmovies.com.au/movie/return-of-captain-invincible,Q7760394,"The Return of Captain Invincible (Philippe Mora, 1983)"
http://www.ozmovies.com.au/movie/riddle-of-the-stinson,Q7760685,"The Riddle of the Stinson (Chris Noonan, 1988)"
http://www.ozmovies.com.au/movie/ride-a-wild-pony,Q7332514,"Ride a Wild Pony (Don Chaffey, 1975)"
http://www.ozmovies.com.au/movie/right-hand-man,Q56216461,"The Right-Hand Man (Di Drew, 1987)"
http://www.ozmovies.com.au/movie/rikky-and-pete,Q7334087,"Rikky and Pete (Nadia Tass, 1988)"
http://www.ozmovies.com.au/movie/rise-and-fall-of-squizzy-taylor,Q17042080,"The Rise and Fall of Squizzy Taylor (Nigel Buesst, 1969)"
http://www.ozmovies.com.au/movie/risk,,
http://www.ozmovies.com.au/movie/river-street,Q7337831,"River Street (Tony Mahood, 1996)"
http://www.ozmovies.com.au/movie/road-to-kokoda,Q19840916,The Road to Kokoda (1943)
http://www.ozmovies.com.au/movie/road-to-nhill,Q7339544,"Road to Nhill (Sue Brooks, 1997)"
http://www.ozmovies.com.au/movie/roadgames,Q3045502,"Roadgames (Richard Franklin, 1981)"
http://www.ozmovies.com.au/movie/robbery,Q15039512,"Robbery (Michael Thornhill, 1985)"
http://www.ozmovies.com.au/movie/robbery-under-arms,Q7340832,"Robbery Under Arms (Jack Lee, 1957)"
http://www.ozmovies.com.au/movie/robbery-under-arms-(1985),Q7340833,"Robbery Under Arms (Donald Crombie/Ken Hannam, 1985)"
http://www.ozmovies.com.au/movie/robbery-under-arms-(1985-mini-series),,
http://www.ozmovies.com.au/movie/roly-poly-man,Q7761389,"The Roly Poly Man (Bill Young, 1994)"
http://www.ozmovies.com.au/movie/romper-stomper,Q909098,"Romper Stomper (Geoffrey Wright, 1992)"
http://www.ozmovies.com.au/movie/rough-diamonds,Q7370819,"Rough Diamonds (Donald Crombie, 1994)"
http://www.ozmovies.com.au/movie/run-chrissie-run!,Q7379502,"Run Chrissie Run! (Chris Langman, 1986)"
http://www.ozmovies.com.au/movie/run-rebecca-run!,Q7379519,"Run Rebecca, Run (Peter Maxwell, 1982)"
http://www.ozmovies.com.au/movie/running-from-the-guns,Q7380023,"Running from the Guns (John Dixon, 1987)"
http://www.ozmovies.com.au/movie/running-on-empty,Q7380038,"Running on Empty (John Clark, 1982)"
http://www.ozmovies.com.au/movie/russian-doll,Q7382032,"Russian Doll (Stavros Kazantzidis, 2001)"
http://www.ozmovies.com.au/movie/rust-bucket,Q123288273,"Rust Bucket (Robert Connolly, 1997)"
http://www.ozmovies.com.au/movie/sabrina-down-under,Q1784504,"Sabrina, Down Under (Kenneth R. Koch, 1999)"
http://www.ozmovies.com.au/movie/sacred-sex,,
http://www.ozmovies.com.au/movie/sally-marshall-is-not-an-alien,Q7405219,"Sally Marshall Is Not an Alien (Mario Andreacchio, 1999)"
http://www.ozmovies.com.au/movie/salt-saliva-sperm-sweat,Q123289391,"Salt, Saliva, Sperm and Sweat (1987)"
http://www.ozmovies.com.au/movie/salute-of-the-jugger,,
http://www.ozmovies.com.au/movie/samba-to-slow-fox,Q123372179,Samba To Slow Fox (1986)
http://www.ozmovies.com.au/movie/sample-people,Q2586958,"Sample People (Clinton Smith, 2000)"
http://www.ozmovies.com.au/movie/santas-apprentice,Q2382312,"Santa's Apprentice (Luc Vinciguerra, 2010)"
http://www.ozmovies.com.au/movie/sarah,Q7422032,"Sarah (Yoram Gross, 1982)"
http://www.ozmovies.com.au/movie/save-the-lady,Q7428108,"Save the Lady (Leon Thau, 1982)"
http://www.ozmovies.com.au/movie/say-a-little-prayer,Q7429060,"Say a Little Prayer (Richard Lowenstein, 1993)"
http://www.ozmovies.com.au/movie/scobie-malone,Q7434226,"Scobie Malone (Terry Ohlsson, 1975)"
http://www.ozmovies.com.au/movie/sebastian-and-the-sparrow,Q7442560,"Sebastian and the Sparrow (Scott Hicks, 1988)"
http://www.ozmovies.com.au/movie/secret-of-the-skies,Q15039747,"Secret of the Skies (A.R. Harwood, 1934)"
http://www.ozmovies.com.au/movie/secrets,,
http://www.ozmovies.com.au/movie/secrets-of-sacred-sex,,
http://www.ozmovies.com.au/movie/sensitive-new-age-killer,Q7451053,"Sensitive New-Age Killer (Mark Savage, 2001)"
http://www.ozmovies.com.au/movie/sentimental-bloke,Q7763311,"The Sentimental Bloke (Francis William Thring, 1932)"
http://www.ozmovies.com.au/movie/serenades,Q127599775,Serenades (2001)
http://www.ozmovies.com.au/movie/set,Q7763401,"The Set (Frank Brittain, 1970)"
http://www.ozmovies.com.au/movie/settlement,Q7763409,"The Settlement (Howard Rubie, 1984)"
http://www.ozmovies.com.au/movie/seven-little-australians,Q7457324,"Seven Little Australians (Arthur Greville Collins, 1939)"
http://www.ozmovies.com.au/movie/seventh-floor,Q4413002,"The Seventh Floor (Ian Barry, 1994)"
http://www.ozmovies.com.au/movie/sex-is-a-four-letter-word,Q7458395,"Sex Is a Four Letter Word (Murray Fahey, 1995)"
http://www.ozmovies.com.au/movie/sex-rules,Q123288172,"Sex Rules (Pip Karmel, 1988)"
http://www.ozmovies.com.au/movie/shadow-of-the-boomerang,Q7460671,"Shadow of the Boomerang (Dick Ross, 1960)"
http://www.ozmovies.com.au/movie/shadows-of-the-peacock,Q5332796,"Echoes of Paradise (Phillip Noyce, 1987)"
http://www.ozmovies.com.au/movie/shame,Q3481306,"Shame (Steve Jodrell, 1987)"
http://www.ozmovies.com.au/movie/sharkcallers-of-kontu,Q123288560,The Sharkcallers of Kontu (1982)
http://www.ozmovies.com.au/movie/sharks-paradise,Q15039525,"Shark's Paradise (Michael Jenkins, 1986)"
http://www.ozmovies.com.au/movie/sher-mountain-killings-mystery,Q7494630,"Sher Mountain Killings Mystery (Vince Martin, 1990)"
http://www.ozmovies.com.au/movie/shine,Q826494,"Shine (Scott Hicks, 1996)"
http://www.ozmovies.com.au/movie/shiralee,Q7763858,"The Shiralee (Leslie Norman, 1957)"
http://www.ozmovies.com.au/movie/shirley-thompson-versus-the-aliens,Q7498866,"Shirley Thompson vs. the Aliens (Jim Sharman, 1972)"
http://www.ozmovies.com.au/movie/shooting-the-breeze,,
http://www.ozmovies.com.au/movie/short-changed,Q15039791,"Short Changed (George Ogilvie, 1986)"
http://www.ozmovies.com.au/movie/shotgun-wedding,Q7502504,"Shotgun Wedding (Paul Harmon, 1993)"
http://www.ozmovies.com.au/movie/show-business,Q7502936,"Show Business (A.R. Harwood, 1938)"
http://www.ozmovies.com.au/movie/showgirls-luck,Q7503239,"Showgirl's Luck (Norman Dawn, 1931)"
http://www.ozmovies.com.au/movie/shrimp-on-the-barbie,Q4239977,"The Shrimp on the Barbie (Michael Gottlieb, 1990)"
http://www.ozmovies.com.au/movie/siam-sunset,Q2943754,"Siam Sunset (John Polson, 1999)"
http://www.ozmovies.com.au/movie/sidecar-racers,Q7508363,"Sidecar Racers (Earl Bellamy, 1975)"
http://www.ozmovies.com.au/movie/siege-of-pinchgut,Q3205730,"The Siege of Pinchgut (Harry Watt, 1959)"
http://www.ozmovies.com.au/movie/signal-one,,
http://www.ozmovies.com.au/movie/silence-of-dean-maitland,Q7764196,"The Silence of Dean Maitland (Ken G. Hall, 1933)"
http://www.ozmovies.com.au/movie/silent-partner,Q7514631,"Silent Partner (Alkinos Tsilimidos, 2001)"
http://www.ozmovies.com.au/movie/silver-brumby,Q7764269,"The Silver Brumby (John Tatoulis, 1992)"
http://www.ozmovies.com.au/movie/silver-city,Q7515902,"Silver City (Sophia Turkiewicz, 1984)"
http://www.ozmovies.com.au/movie/singapore-sling,Q15039529," (Robert Marchand, 1993)"
http://www.ozmovies.com.au/movie/singer-and-the-dancer,Q7764395,"The Singer and the Dancer (Gillian Armstrong, 1977)"
http://www.ozmovies.com.au/movie/sirens,Q1542458,"Sirens (John Duigan, 1994)"
http://www.ozmovies.com.au/movie/skin-deep,Q15039532," (Chris Langman, 1983)"
http://www.ozmovies.com.au/movie/sky-pirates,Q1157757,"Sky Pirates (Colin Eggleston, 1986)"
http://www.ozmovies.com.au/movie/slate-wyn--me,Q7538810,"Slate, Wyn & Me (Don McLennan, 1987)"
http://www.ozmovies.com.au/movie/slim-dusty-movie,Q7764834,"The Slim Dusty Movie (Rob Stewart, 1984)"
http://www.ozmovies.com.au/movie/smiley,Q7544693,"Smiley (Anthony Kimmins, 1956)"
http://www.ozmovies.com.au/movie/smiley-gets-a-gun,Q7544703,"Smiley Gets a Gun (Anthony Kimmins, 1958)"
http://www.ozmovies.com.au/movie/smithy,Q12127551,"Smithy (Ken G. Hall, 1946)"
http://www.ozmovies.com.au/movie/smoke-em-if-you-got-em,Q98152534,Smoke 'Em If You Got 'Em (1988)
http://www.ozmovies.com.au/movie/smokes--lollies,Q123287916,"Smokes & Lollies (Gillian Armstrong, 1976)"
http://www.ozmovies.com.au/movie/snapshot,Q7547366,"Snapshot (Simon Wincer, 1979)"
http://www.ozmovies.com.au/movie/sniper,Q962592,"Sniper (Luis Llosa, 1993)"
http://www.ozmovies.com.au/movie/snow-the-movie,Q7548148,"Snow: The Movie (Robert Gibson, 1982)"
http://www.ozmovies.com.au/movie/soft-fruit,Q7553895,"Soft Fruit (Christina Andreef, 1999)"
http://www.ozmovies.com.au/movie/solarmax,,
http://www.ozmovies.com.au/movie/solo,,
http://www.ozmovies.com.au/movie/somewhere-in-the-darkness,Q127600304,Somewhere In The Darkness (1999)
http://www.ozmovies.com.au/movie/son-is-born,Q4659657,"A Son Is Born (Eric Porter, 1946)"
http://www.ozmovies.com.au/movie/sons-of-matthew,Q7562326,"Sons of Matthew (Charles Chauvel, 1949)"
http://www.ozmovies.com.au/movie/sound-of-love,Q15039535,"The Sound of Love (John Power, 1977)"
http://www.ozmovies.com.au/movie/sound-of-one-hand-clapping,Q7765441,"The Sound of One Hand Clapping (Richard Flanagan, 1996)"
http://www.ozmovies.com.au/movie/spider--rose,Q7577049,"Spider and Rose (Bill Bennett, 1994)"
http://www.ozmovies.com.au/movie/spirits-of-the-air--gremlins-of-the-clouds,Q7578083,"Spirits of the Air, Gremlins of the Clouds (Alex Proyas, 1989)"
http://www.ozmovies.com.au/movie/splendid-fellows,Q7578451,"Splendid Fellows (Beaumont Smith/Kenneth Brampton/Raymond Longford, 1934)"
http://www.ozmovies.com.au/movie/spotswood,Q4431081,"Spotswood (Mark Joffe, 1992)"
http://www.ozmovies.com.au/movie/spur-of-the-moment,Q7581550,"Spur of the Moment (A.R. Harwood, 1931)"
http://www.ozmovies.com.au/movie/squatters-daughter,Q7766105,"The Squatter's Daughter (Ken G. Hall, 1933)"
http://www.ozmovies.com.au/movie/squeakers-mate,,
http://www.ozmovies.com.au/movie/squeeze-a-flower,Q7582212,"Squeeze a Flower (Marc Daniels, 1970)"
http://www.ozmovies.com.au/movie/squizzy-taylor,Q7582364,"Squizzy Taylor (Kevin James Dobson, 1982)"
http://www.ozmovies.com.au/movie/stan-and-georges-new-life,Q7597991,"Stan and George's New Life (Brian McKenzie, 1992)"
http://www.ozmovies.com.au/movie/stanley,,
http://www.ozmovies.com.au/movie/star-struck,,
http://www.ozmovies.com.au/movie/stations,Q123288126,"Stations (Jackie McKimmie, 1983)"
http://www.ozmovies.com.au/movie/steam-train-passes,Q4659794,"A Steam Train Passes (David Haythornwaite, 1974)"
http://www.ozmovies.com.au/movie/stepping-out,Q123784787,Stepping Out (Chris Noonan)
http://www.ozmovies.com.au/movie/still-point,Q7766527,"The Still Point (Barbara Boyd-Anderson, 1986)"
http://www.ozmovies.com.au/movie/sting-in-the-tale,Q12128161,"A Sting in the Tale (Eugene Schlusser, 1989)"
http://www.ozmovies.com.au/movie/stir,Q7617526,"Stir (Stephen Wallace, 1980)"
http://www.ozmovies.com.au/movie/stone,,
http://www.ozmovies.com.au/movie/stone-forever,,
http://www.ozmovies.com.au/movie/stork,Q7620062,"Stork (Tim Burstall, 1971)"
http://www.ozmovies.com.au/movie/storm-boy,Q958772,"Storm Boy (Henri Safran, 1976)"
http://www.ozmovies.com.au/movie/stowaway,Q3225286,"The Stowaway (Lee Robinson/Ralph Habib, 1958)"
http://www.ozmovies.com.au/movie/strange-fits-of-passion,Q3488146,"Strange Fits of Passion (Elise McCredie, 1999)"
http://www.ozmovies.com.au/movie/strange-holiday,Q7621408,"Strange Holiday (Mende Brown, 1970)"
http://www.ozmovies.com.au/movie/strange-planet,Q1282904,"Strange Planet (Emma-Kate Croghan, 1999)"
http://www.ozmovies.com.au/movie/strangers,Q7621579,"Strangers (Craig Lahiff, 1991)"
http://www.ozmovies.com.au/movie/street-fighter,Q1138659,"Street Fighter (Steven E. de Souza, 1994)"
http://www.ozmovies.com.au/movie/street-hero,Q7622858,"Street Hero (Michael Pattinson, 1984)"
http://www.ozmovies.com.au/movie/street-to-die,Q4659857,"A Street to Die (Bill Bennett, 1985)"
http://www.ozmovies.com.au/movie/streets-of-london,Q7767008,"The Streets of London (Francis William Thring, 1934)"
http://www.ozmovies.com.au/movie/strictly-ballroom,Q1346439,"Strictly Ballroom (Baz Luhrmann, 1992)"
http://www.ozmovies.com.au/movie/strike-me-lucky,Q7623787,"Strike Me Lucky (Ken G. Hall, 1934)"
http://www.ozmovies.com.au/movie/strike-of-the-panther,Q4469287,"Strike of the Panther (Brian Trenchard-Smith, 1988)"
http://www.ozmovies.com.au/movie/strikebound,Q7623815,"Strikebound (Richard Lowenstein, 1984)"
http://www.ozmovies.com.au/movie/strong-is-the-seed,Q7624500,"Strong Is the Seed (Arthur Greville Collins, 1949)"
http://www.ozmovies.com.au/movie/struck-by-lightning,Q3500604,"Struck by Lightning (Jerzy Domaradzki, 1990)"
http://www.ozmovies.com.au/movie/sugar-factory,Q7767193,"The Sugar Factory (Robert Carter, 1999)"
http://www.ozmovies.com.au/movie/sum-of-us,Q1518910,"The Sum of Us (Kevin Dowling, 1994)"
http://www.ozmovies.com.au/movie/summer-city,Q1753929,"Summer City (Christopher Fraser, 1977)"
http://www.ozmovies.com.au/movie/summer-of-secrets,Q7637519,"Summer of Secrets (Jim Sharman, 1976)"
http://www.ozmovies.com.au/movie/summer-of-the-seventeenth-doll,Q3012988,"Summer of the Seventeenth Doll (Leslie Norman, 1959)"
http://www.ozmovies.com.au/movie/summerfield,Q3503675,"Summerfield (Ken Hannam, 1977)"
http://www.ozmovies.com.au/movie/sunday-too-far-away,Q3503837,"Sunday Too Far Away (Ken Hannam, 1975)"
http://www.ozmovies.com.au/movie/sundowners,Q1198545,"The Sundowners (Fred Zinnemann, 1960)"
http://www.ozmovies.com.au/movie/sunstruck,Q7641656,"Sunstruck (James Gilbert, 1972)"
http://www.ozmovies.com.au/movie/surfer,Q7767517,"The Surfer (Frank Shields, 1986)"
http://www.ozmovies.com.au/movie/surrender-in-paradise,Q7646705,"Surrender in Paradise (Peter Cox, 1976)"
http://www.ozmovies.com.au/movie/survivor,Q3488530,"The Survivor (David Hemmings, 1981)"
http://www.ozmovies.com.au/movie/sweet-talker,Q7655538,"Sweet Talker (Michael Jenkins, 1991)"
http://www.ozmovies.com.au/movie/sweetie,Q3488565,"Sweetie (Jane Campion, 1989)"
http://www.ozmovies.com.au/movie/sydney-a-story-of-a-city,Q7660245,"Sydney – A Story of a City (Bruce Beresford, 1999)"
http://www.ozmovies.com.au/movie/sympathy-in-summer,Q12128666,"Sympathy in Summer (Antony I. Ginnane, 1971)"
http://www.ozmovies.com.au/movie/tail-of-a-tiger,Q7676075,"Tail of a Tiger (Rolf de Heer, 1984)"
http://www.ozmovies.com.au/movie/takeover,Q15039547,"Takeover (Robert Marchand, 1988)"
http://www.ozmovies.com.au/movie/tale-of-ruby-rose,Q7767971,"The Tale of Ruby Rose (Roger Scholes, 1987)"
http://www.ozmovies.com.au/movie/talk,Q7679625,"Talk (Susan Lambert, 1994)"
http://www.ozmovies.com.au/movie/tall-tales-but-true-david-williamson---playwright,,
http://www.ozmovies.com.au/movie/tall-timbers,Q7679985,"Tall Timbers (Ken G. Hall, 1937)"
http://www.ozmovies.com.au/movie/tapak-dewata,,
http://www.ozmovies.com.au/movie/tears,,
http://www.ozmovies.com.au/movie/teesh--trude,Q7694561,"Teesh and Trude (Melanie Rodriga, 2002)"
http://www.ozmovies.com.au/movie/temperament-unsuited,Q16965772,"Temperament Unsuited (Ken Cameron, 1978)"
http://www.ozmovies.com.au/movie/tender-hooks,Q7699590,"Tender Hooks (Mary Callaghan, 1989)"
http://www.ozmovies.com.au/movie/territorians,,
http://www.ozmovies.com.au/movie/thank-god-he-met-lizzie,Q3522287,"Thank God He Met Lizzie (Cherie Nowlan, 1997)"
http://www.ozmovies.com.au/movie/that-certain-something,Q7711150,"That Certain Something (Clarence G. Badger, 1941)"
http://www.ozmovies.com.au/movie/that-eye-the-sky,Q56744258,"That Eye, the Sky (John Ruane, 1994)"
http://www.ozmovies.com.au/movie/that-lady-from-peking,Q7711221,"That Lady from Peking (Eddie Davis, 1969)"
http://www.ozmovies.com.au/movie/the-exploits-of-the-emden,Q7732846,"The Exploits of the Emden (Ken G. Hall/Louis Ralph, 1928)"
http://www.ozmovies.com.au/movie/they-found-a-cave,Q7783711,"They Found a Cave (Andrew Steane, 1962)"
http://www.ozmovies.com.au/movie/they-shot-through-like-a-bondi,,
http://www.ozmovies.com.au/movie/theyre-a-weird-mob,Q7783640,"They're a Weird Mob (Michael Powell, 1966)"
http://www.ozmovies.com.au/movie/third-person-plural,Q7784919,"Third Person Plural (James Ricketson, 1978)"
http://www.ozmovies.com.au/movie/thirst,Q4177861,"Thirst (Rod Hardy, 1979)"
http://www.ozmovies.com.au/movie/this-wont-hurt-a-bit!,Q12129249,"This Won't Hurt a Bit (Chris Kennedy, 1993)"
http://www.ozmovies.com.au/movie/thoroughbred,Q7796630,"Thoroughbred (Ken G. Hall, 1936)"
http://www.ozmovies.com.au/movie/those-dear-departed,Q7796818,"Those Dear Departed (Ted Robinson, 1987)"
http://www.ozmovies.com.au/movie/three-in-one,Q7797967,"Three in One (Cecil Holmes, 1957)"
http://www.ozmovies.com.au/movie/ticket-in-tatts,Q4660128,"A Ticket in Tatts (Francis William Thring, 1934)"
http://www.ozmovies.com.au/movie/tiger-island,Q7801422,"Tiger Island (Gerald M. Hayle, 1930)"
http://www.ozmovies.com.au/movie/till-human-voices-wake-us,Q7802187,"Till Human Voices Wake Us (Michael Petroni, 2002)"
http://www.ozmovies.com.au/movie/till-there-was-you.,Q7802205,"Till There Was You (John Seale, 1990)"
http://www.ozmovies.com.au/movie/tim,Q546256,"Tim (Michael Pate, 1979)"
http://www.ozmovies.com.au/movie/time-game,Q15039566,"The Time Game (Alister Smart, 1991)"
http://www.ozmovies.com.au/movie/time-guardian,Q3528935,"The Time Guardian (Brian Hannant, 1987)"
http://www.ozmovies.com.au/movie/time-in-summer,Q87203764,"Time In Summer (Ludwik Dutkiewicz, 1968)"
http://www.ozmovies.com.au/movie/times-raging,Q15039568,"Time's Raging (Sophia Turkiewicz, 1985)"
http://www.ozmovies.com.au/movie/to-have--to-hold,Q7810947,"To Have & to Hold (John Hillcoat, 1996)"
http://www.ozmovies.com.au/movie/top-enders,Q33060567,"Top Enders (Jackie McKimmie, 1988)"
http://www.ozmovies.com.au/movie/touch-and-go,Q7828633,"Touch and Go (Peter Maxwell, 1980)"
http://www.ozmovies.com.au/movie/town-like-alice,Q3425311,"A Town Like Alice (Jack Lee, 1956)"
http://www.ozmovies.com.au/movie/tracker,Q3523062,"The Tracker (Rolf de Heer, 2002)"
http://www.ozmovies.com.au/movie/tran-the-man,Q123289071,Tran the Man (1994)
http://www.ozmovies.com.au/movie/traps-(1985),Q25183101,Traps (1985)
http://www.ozmovies.com.au/movie/traps-(1993),,
http://www.ozmovies.com.au/movie/travelling-north,Q7836079,"Travelling North (Carl Schultz, 1987)"
http://www.ozmovies.com.au/movie/trespassers,Q7770125,"The Trespassers (John Duigan, 1976)"
http://www.ozmovies.com.au/movie/trobriand-cricket-an-ingenious-response-to-colonialism,,
http://www.ozmovies.com.au/movie/trouble-in-paradise,Q14753047,Trouble in Paradise (1989)
http://www.ozmovies.com.au/movie/true-love-and-chaos,Q7847467,"True Love and Chaos (Stavros Kazantzidis, 1996)"
http://www.ozmovies.com.au/movie/true-story-of-eskimo-nell,Q12129827,"The True Story of Eskimo Nell (Richard Franklin, 1975)"
http://www.ozmovies.com.au/movie/tudawali,Q21869939,"Tudawali (Steve Jodrell, 1988)"
http://www.ozmovies.com.au/movie/turkey-shoot,Q3235799,"Turkey Shoot (Brian Trenchard-Smith, 1982)"
http://www.ozmovies.com.au/movie/turning-april,Q97332807,"Turning April (Geoff Bennett, 1995)"
http://www.ozmovies.com.au/movie/turtle-beach,Q7856378,"Turtle Beach (Stephen Wallace, 1992)"
http://www.ozmovies.com.au/movie/twelfth-night,Q7857556,"Twelfth Night (Neil Armfield, 1987)"
http://www.ozmovies.com.au/movie/two-brothers-running,Q7858867,"Two Brothers Running (Ted Robinson, 1988)"
http://www.ozmovies.com.au/movie/two-hands,Q2699724,"Two Hands (Gregor Jordan, 1999)"
http://www.ozmovies.com.au/movie/two-lawstwo-laws-a-film-in-four-parts,,
http://www.ozmovies.com.au/movie/two-minutes-silence,Q7859110,"Two Minutes Silence (Paulette McDonagh, 1933)"
http://www.ozmovies.com.au/movie/typhoon-treasure,Q7861333,"Typhoon Treasure (Noel Monkman, 1938)"
http://www.ozmovies.com.au/movie/uncivilised,Q7882671,"Uncivilised (Charles Chauvel, 1936)"
http://www.ozmovies.com.au/movie/undercover,Q7883485,"Undercover (David Stevens, 1983)"
http://www.ozmovies.com.au/movie/unfinished-business,Q7884332,"Unfinished Business (Bob Ellis, 1985)"
http://www.ozmovies.com.au/movie/until-the-end-of-the-world,Q571053,"Until the End of the World (Wim Wenders, 1991)"
http://www.ozmovies.com.au/movie/vacant-possession,Q7907878,"Vacant Possession (Margot Nash, 1995)"
http://www.ozmovies.com.au/movie/vicious!,,
http://www.ozmovies.com.au/movie/vincent,,
http://www.ozmovies.com.au/movie/waiting,Q7960530,"Waiting (Jackie McKimmie, 1991)"
http://www.ozmovies.com.au/movie/waiting-for-harry,,
http://www.ozmovies.com.au/movie/wake-in-fright,Q7961003,"Wake in Fright (Ted Kotcheff, 1971)"
http://www.ozmovies.com.au/movie/walk-into-paradise,Q7962022,"Walk Into Paradise (Lee Robinson/Marcello Pagliero, 1956)"
http://www.ozmovies.com.au/movie/walk-the-talk,Q7962123,"Walk the Talk (Shirley Barrett, 2001)"
http://www.ozmovies.com.au/movie/walkabout,Q1342653,"Walkabout (Nicolas Roeg, 1971)"
http://www.ozmovies.com.au/movie/walking-on-water,Q2542475,"Walking on Water (Tony Ayres, 2002)"
http://www.ozmovies.com.au/movie/waltz-through-the-hills,Q15039574,"A Waltz Through the Hills (Frank Arnold, 1988)"
http://www.ozmovies.com.au/movie/waltzing-matilda,Q7966850,"Waltzing Matilda (Pat Hanna/Raymond Longford, 1933)"
http://www.ozmovies.com.au/movie/war-without-weapons,Q123373760,War Without Weapons (1979)
http://www.ozmovies.com.au/movie/warm-nights-on-a-slow-moving-train,Q7969557,"Warm Nights on a Slow Moving Train (Bob Ellis, 1988)"
http://www.ozmovies.com.au/movie/warming-up,Q1807367,"Warming Up (Bruce Best, 1983)"
http://www.ozmovies.com.au/movie/we-are-all-alone-my-dear,,
http://www.ozmovies.com.au/movie/we-of-the-never-never,Q7977894,"We of the Never Never (Igor Auzins, 1982)"
http://www.ozmovies.com.au/movie/wedding-in-ramallah,Q123822938,A Wedding in Ramallah
http://www.ozmovies.com.au/movie/weekend-of-shadows,Q7979464,"Weekend of Shadows (Tom Jeffrey, 1978)"
http://www.ozmovies.com.au/movie/weekend-with-kate,Q7979467,"Weekend with Kate (Arch Nicholson, 1990)"
http://www.ozmovies.com.au/movie/welcome-to-woop-woop,Q2902017,"Welcome to Woop Woop (Stephan Elliott, 1997)"
http://www.ozmovies.com.au/movie/well,Q5361998,"The Well (Samantha Lang, 1997)"
http://www.ozmovies.com.au/movie/wendy-cracked-a-walnut,Q15039829,"Wendy Cracked a Walnut (Michael Pattinson, 1990)"
http://www.ozmovies.com.au/movie/were-livin-on-dog-food,Q24190369,"We're Livin' on Dog Food (Richard Lowenstein, 2009)"
http://www.ozmovies.com.au/movie/what-i-have-written,Q7991170,"What I Have Written (John Hughes, 1996)"
http://www.ozmovies.com.au/movie/what-the-moon-saw,Q7991628,"What the Moon Saw (Pino Amenta, 1990)"
http://www.ozmovies.com.au/movie/whatever-happened-to-green-valley,Q25999976,"Whatever Happened to Green Valley? (Peter Weir, 1973)"
http://www.ozmovies.com.au/movie/when-the-kellys-rode,Q7992989,"When the Kellys Rode (Harry Southwell, 1934)"
http://www.ozmovies.com.au/movie/when-the-river-was-the-only-road,,
http://www.ozmovies.com.au/movie/where-the-green-ants-dream,Q2265591,"Where the Green Ants Dream (Werner Herzog, 1984)"
http://www.ozmovies.com.au/movie/wherever-she-goes,Q7993502,"Wherever She Goes (Michael Gordon, 1951)"
http://www.ozmovies.com.au/movie/white-death,Q7994637,"White Death (Rupert Kathner, 1936)"
http://www.ozmovies.com.au/movie/who-killed-jenny-langby,Q15039576,"Who Killed Jenny Langby? (Donald Crombie, 1974)"
http://www.ozmovies.com.au/movie/wiggles-movie,Q7774811,"The Wiggles Movie (Dean Covell, 1997)"
http://www.ozmovies.com.au/movie/wild-duck,Q7774853,"The Wild Duck (Henri Safran, 1983)"
http://www.ozmovies.com.au/movie/wildes-domain,Q15039578,"Wilde's Domain (Bud Tingwell, 1982)"
http://www.ozmovies.com.au/movie/willfull,Q8002650,"WillFull (Rebel Penfold-Russell, 2002)"
http://www.ozmovies.com.au/movie/william-shakespeares-romeo--juliet,Q463313,"Romeo + Juliet (Baz Luhrmann, 1996)"
http://www.ozmovies.com.au/movie/wills--burke,Q8022462,"Wills & Burke (Bob Weis, 1985)"
http://www.ozmovies.com.au/movie/wind,Q1781817,"Wind (Carroll Ballard, 1992)"
http://www.ozmovies.com.au/movie/windrider,Q4337557,"Windrider (Vince Monton, 1986)"
http://www.ozmovies.com.au/movie/winds-of-jarrah,Q7775106,"The Winds of Jarrah (Mark Egerton, 1983)"
http://www.ozmovies.com.au/movie/winter-of-our-dreams,Q8026400,"Winter of Our Dreams (John Duigan, 1981)"
http://www.ozmovies.com.au/movie/witch-hunt,Q8027842,Witch Hunt (1999)
http://www.ozmovies.com.au/movie/witches-faggots-dykes-and-poofters,,
http://www.ozmovies.com.au/movie/with-love-to-the-person-next-to-me,Q8028018,With Love to the Person Next to Me (1987)
http://www.ozmovies.com.au/movie/with-prejudice,Q8028034,"With Prejudice (Esben Storm, 1983)"
http://www.ozmovies.com.au/movie/with-time-to-kill,Q23755549,"With Time to Kill (James Clayden, 1987)"
http://www.ozmovies.com.au/movie/wogboy,,
http://www.ozmovies.com.au/movie/woman-suffers,Q15039609,"The Woman Suffers (Raymond Longford, 1918)"
http://www.ozmovies.com.au/movie/womans-tale,Q4660710,"A Woman's Tale (Paul Cox, 1991)"
http://www.ozmovies.com.au/movie/wonderful-world-of-dogs,Q123288983,The Wonderful World of Dogs (1990)
http://www.ozmovies.com.au/movie/wreck-a-tangle,Q19870493,"A Wreck, A Tangle (Scott Patterson, 2000)"
http://www.ozmovies.com.au/movie/wrong-side-of-the-road,Q8038627,"Wrong Side of the Road (Ned Lander, 1980)"
http://www.ozmovies.com.au/movie/wrong-world,Q8038631,"Wrong World (Ian Pringle, 1985)"
http://www.ozmovies.com.au/movie/yackety-yack,Q8046466,"Yackety Yack (Dave Jones, 1974)"
http://www.ozmovies.com.au/movie/yap,,
http://www.ozmovies.com.au/movie/year-my-voice-broke,Q1169123,"The Year My Voice Broke (John Duigan, 1987)"
http://www.ozmovies.com.au/movie/year-of-living-dangerously,Q505148,"The Year of Living Dangerously (Peter Weir, 1982)"
http://www.ozmovies.com.au/movie/year-of-the-dogs,Q8050907,"Year of the Dogs (Michael Cordell, 1997)"
http://www.ozmovies.com.au/movie/yolngu-boy,Q8054799,"Yolngu Boy (Stephen Johnson, 2001)"
http://www.ozmovies.com.au/movie/you-and-me-and-uncle-bob,Q15039587,"You and Me and Uncle Bob (Alister Smart, 1993)"
http://www.ozmovies.com.au/movie/you-cant-see-round-corners,Q8057049,"You Can't See 'round Corners (David Cahill, 1969)"
http://www.ozmovies.com.au/movie/young-einstein,Q898684,"Young Einstein (Yahoo Serious, 1988)"
http://www.ozmovies.com.au/movie/yumi-yet,,
http://www.ozmovies.com.au/movie/zombie-brigade,Q915388,"Zombie Brigade (Barrie Pattison/Carmelo Musca, 1988)"
http://www.ozmovies.com.au/movie/zone-39,Q8073901,"Zone 39 (John Tatoulis, 1996)"
